customer_id,age,gender,location,subscription_status
CUST100000,21,Female,Chennai,No
CUST100001,50,Male,Bangalore,No
CUST100002,45,Female,Delhi,Yes
CUST100003,36,Female,Kolkata,Yes
CUST100005,54,Male,Chandigarh,No
CUST100006,21,Female,Chennai,No
CUST100007,47,Male,Pune,No
CUST100008,26,Male,Chennai,No
CUST100010,40,Male,Kolkata,No
CUST100011,58,Female,Jaipur,No
CUST100012,48,Female,Kolkata,No
CUST100013,49,Male,Patna,No
CUST100014,48,Female,Chennai,Yes
CUST100015,51,Male,Delhi,Yes
CUST100016,39,Male,Bangalore,No
CUST100017,23,Female,Kolkata,No
CUST100018,53,Female,Pune,No
CUST100019,36,Male,Pune,No
CUST100021,33,Male,Hyderabad,Yes
CUST100022,25,Female,Jaipur,No
CUST100023,56,Male,Lucknow,No
CUST100024,50,Male,Chennai,Yes
CUST100025,45,Female,Chennai,No
CUST100026,34,Male,Mumbai,No
CUST100028,40,Male,Gurgaon,No
CUST100029,36,Male,Kochi,No
CUST100030,36,Male,Pune,No
CUST100032,21,Female,Jaipur,No
CUST100033,41,Female,Chandigarh,Yes
CUST100034,55,Female,Hyderabad,Yes
CUST100035,20,Male,Indore,No
CUST100036,54,Male,Delhi,No
CUST100037,52,Female,Delhi,No
CUST100039,44,Female,Mumbai,No
CUST100040,24,Female,Nagpur,Yes
CUST100041,49,Male,Chennai,No
CUST100042,47,Male,Hyderabad,No
CUST100043,32,Male,Chennai,No
CUST100044,20,Male,Chennai,No
CUST100045,58,Male,Hyderabad,Yes
CUST100046,36,Male,Mumbai,No
CUST100047,55,Female,Ahmedabad,No
CUST100049,50,Female,Gurgaon,No
CUST100050,49,Male,Bangalore,No
CUST100051,26,Male,Chandigarh,No
CUST100054,38,Female,Delhi,No
CUST100055,19,Male,Bhubaneswar,No
CUST100056,40,Male,Kolkata,No
CUST100057,24,Female,Ahmedabad,Yes
CUST100058,49,Male,Delhi,No
CUST100059,46,Male,Hyderabad,No
CUST100060,56,Male,Kolkata,No
CUST100061,49,Female,Kochi,Yes
CUST100062,33,Female,Hyderabad,No
CUST100063,58,Male,Gurgaon,No
CUST100064,35,Female,Jaipur,No
CUST100067,33,Male,Bangalore,No
CUST100069,37,Female,Ahmedabad,No
CUST100070,51,Male,Chennai,No
CUST100071,25,Female,Bangalore,No
CUST100072,37,Female,Lucknow,Yes
CUST100073,23,Male,Pune,No
CUST100074,46,Female,Kolkata,No
CUST100075,37,Female,Pune,No
CUST100077,27,Male,Jaipur,Yes
CUST100078,41,Female,Chennai,No
CUST100079,46,Female,Chennai,No
CUST100080,57,Female,Mumbai,Yes
CUST100081,36,Female,Pune,No
CUST100082,24,Female,Pune,Yes
CUST100083,52,Male,Hyderabad,No
CUST100084,44,Male,Nagpur,Yes
CUST100085,47,Male,Surat,No
CUST100086,22,Male,Mumbai,No
CUST100087,31,Male,Lucknow,Yes
CUST100088,50,Female,Chennai,No
CUST100089,52,Male,Visakhapatnam,Yes
CUST100091,51,Female,Hyderabad,Yes
CUST100092,53,Male,Chennai,Yes
CUST100093,34,Female,Bangalore,No
CUST100094,55,Female,Lucknow,Yes
CUST100095,30,Female,Kolkata,No
CUST100096,28,Male,Bangalore,Yes
CUST100097,46,Female,Kolkata,No
CUST100098,44,Female,Kochi,No
CUST100099,23,Female,Gurgaon,No
CUST100100,52,Female,Kolkata,Yes
CUST100101,26,Female,Hyderabad,Yes
CUST100102,51,Male,Mumbai,No
CUST100103,18,Female,Nagpur,No
CUST100104,51,Male,Lucknow,No
CUST100105,51,Female,Pune,Yes
CUST100107,45,Male,Mumbai,No
CUST100108,37,Female,Jaipur,No
CUST100109,47,Male,Bangalore,No
CUST100111,50,Male,Kolkata,Yes
CUST100112,41,Female,Chennai,No
CUST100113,37,Female,Patna,No
CUST100114,39,Male,Hyderabad,Yes
CUST100115,41,Female,Indore,No
CUST100116,19,Male,Noida,No
CUST100117,23,Female,Jaipur,No
CUST100118,28,Female,Patna,No
CUST100119,22,Female,Chennai,No
CUST100122,45,Female,Hyderabad,No
CUST100123,37,Female,Nagpur,Yes
CUST100125,41,Male,Hyderabad,No
CUST100128,42,Male,Chandigarh,No
CUST100129,44,Male,Hyderabad,No
CUST100130,41,Female,Noida,No
CUST100131,41,Male,Pune,No
CUST100133,41,Male,Bangalore,No
CUST100134,51,Female,Ahmedabad,Yes
CUST100136,43,Female,Chennai,No
CUST100137,19,Male,Chandigarh,Yes
CUST100138,32,Female,Ahmedabad,No
CUST100139,36,Female,Bangalore,No
CUST100140,59,Male,Nagpur,Yes
CUST100141,27,Male,Delhi,Yes
CUST100142,29,Male,Pune,Yes
CUST100144,59,Female,Kolkata,No
CUST100145,53,Female,Gurgaon,No
CUST100148,52,Male,Ahmedabad,No
CUST100150,53,Female,Bangalore,No
CUST100151,29,Male,Chandigarh,No
CUST100152,56,Female,Bangalore,No
CUST100154,36,Male,Bangalore,No
CUST100155,45,Female,Bangalore,No
CUST100157,41,Female,Bangalore,Yes
CUST100158,39,Female,Chennai,Yes
CUST100159,50,Female,Lucknow,No
CUST100160,59,Male,Mumbai,No
CUST100161,45,Male,Mumbai,No
CUST100162,35,Male,Kolkata,Yes
CUST100163,35,Male,Bangalore,Yes
CUST100164,35,Male,Bangalore,No
CUST100165,52,Male,Delhi,No
CUST100166,31,Female,Chennai,No
CUST100167,25,Male,Hyderabad,No
CUST100168,32,Male,Delhi,Yes
CUST100169,18,Female,Pune,No
CUST100170,22,Female,Pune,No
CUST100172,50,Female,Hyderabad,No
CUST100173,48,Female,Nagpur,No
CUST100174,47,Female,Pune,Yes
CUST100175,37,Female,Chennai,No
CUST100176,48,Female,Kolkata,No
CUST100177,24,Male,Bangalore,No
CUST100178,55,Male,Indore,No
CUST100179,39,Male,Kochi,No
CUST100180,57,Male,Kochi,Yes
CUST100181,24,Female,Bangalore,No
CUST100182,38,Male,Hyderabad,No
CUST100183,47,Male,Mumbai,Yes
CUST100184,38,Male,Hyderabad,No
CUST100185,36,Female,Hyderabad,No
CUST100186,24,Male,Ahmedabad,No
CUST100188,28,Female,Patna,No
CUST100193,33,Female,Hyderabad,No
CUST100194,58,Female,Pune,No
CUST100195,21,Male,Bangalore,No
CUST100196,32,Female,Mumbai,No
CUST100198,32,Female,Hyderabad,No
CUST100199,58,Female,Pune,Yes
CUST100200,33,Female,Bangalore,Yes
CUST100201,56,Female,Jaipur,No
CUST100202,38,Male,Noida,Yes
CUST100203,47,Female,Mumbai,No
CUST100207,58,Male,Ahmedabad,No
CUST100208,29,Male,Lucknow,No
CUST100210,28,Male,Bangalore,No
CUST100211,48,Male,Kolkata,No
CUST100212,51,Female,Bangalore,No
CUST100213,36,Male,Chandigarh,No
CUST100214,48,Female,Bangalore,Yes
CUST100215,29,Female,Hyderabad,Yes
CUST100217,22,Male,Kolkata,No
CUST100218,36,Male,Pune,No
CUST100219,55,Female,Chennai,No
CUST100220,23,Female,Patna,Yes
CUST100221,37,Male,Surat,No
CUST100223,26,Female,Pune,No
CUST100225,30,Male,Pune,Yes
CUST100227,42,Male,Hyderabad,Yes
CUST100228,40,Female,Pune,No
CUST100229,25,Male,Delhi,No
CUST100230,37,Male,Delhi,Yes
CUST100231,53,Female,Surat,Yes
CUST100232,18,Male,Delhi,No
CUST100236,45,Male,Kochi,No
CUST100237,36,Male,Bangalore,No
CUST100238,30,Female,Nagpur,No
CUST100239,44,Female,Noida,No
CUST100240,23,Male,Bangalore,Yes
CUST100242,21,Male,Hyderabad,No
CUST100243,45,Female,Chennai,No
CUST100244,44,Male,Bangalore,No
CUST100245,21,Female,Visakhapatnam,Yes
CUST100247,35,Female,Surat,Yes
CUST100248,51,Male,Mumbai,No
CUST100249,19,Female,Visakhapatnam,Yes
CUST100252,25,Male,Pune,No
CUST100253,31,Female,Mumbai,No
CUST100254,45,Female,Indore,No
CUST100255,24,Female,Hyderabad,Yes
CUST100256,46,Male,Pune,No
CUST100257,22,Male,Pune,Yes
CUST100258,25,Male,Pune,No
CUST100259,42,Male,Delhi,No
CUST100261,25,Female,Mumbai,Yes
CUST100263,56,Female,Mumbai,No
CUST100264,59,Female,Patna,No
CUST100265,42,Female,Kolkata,No
CUST100267,32,Male,Hyderabad,Yes
CUST100268,43,Female,Hyderabad,No
CUST100269,42,Female,Kolkata,No
CUST100270,30,Male,Hyderabad,No
CUST100271,18,Male,Hyderabad,Yes
CUST100272,24,Female,Kolkata,No
CUST100273,58,Female,Kolkata,No
CUST100276,37,Male,Kolkata,No
CUST100277,50,Male,Mumbai,No
CUST100278,20,Female,Hyderabad,No
CUST100279,21,Female,Chandigarh,No
CUST100280,29,Male,Mumbai,No
CUST100281,38,Female,Pune,No
CUST100282,46,Male,Chennai,No
CUST100284,36,Male,Patna,Yes
CUST100285,57,Male,Chennai,Yes
CUST100286,24,Male,Gurgaon,No
CUST100287,42,Male,Chennai,No
CUST100288,40,Female,Patna,No
CUST100290,51,Male,Chennai,No
CUST100291,29,Female,Noida,No
CUST100293,31,Male,Chennai,Yes
CUST100295,39,Male,Pune,No
CUST100297,36,Male,Ahmedabad,Yes
CUST100298,29,Male,Indore,Yes
CUST100299,18,Male,Nagpur,No
CUST100300,33,Female,Pune,No
CUST100302,18,Female,Delhi,Yes
CUST100304,40,Female,Indore,No
CUST100306,30,Male,Mumbai,No
CUST100308,31,Female,Kolkata,No
CUST100309,22,Female,Surat,No
CUST100311,46,Male,Pune,Yes
CUST100312,22,Female,Noida,Yes
CUST100313,29,Female,Patna,Yes
CUST100315,45,Male,Patna,No
CUST100317,48,Female,Noida,No
CUST100319,50,Female,Kolkata,No
CUST100320,31,Male,Pune,Yes
CUST100321,22,Male,Hyderabad,No
CUST100322,43,Male,Chennai,Yes
CUST100323,56,Male,Pune,No
CUST100324,58,Male,Pune,No
CUST100325,27,Male,Delhi,Yes
CUST100326,27,Male,Chennai,No
CUST100329,41,Male,Visakhapatnam,No
CUST100330,40,Female,Hyderabad,Yes
CUST100331,33,Female,Mumbai,No
CUST100334,37,Female,Nagpur,Yes
CUST100335,51,Male,Kolkata,No
CUST100336,58,Male,Delhi,No
CUST100337,31,Female,Delhi,Yes
CUST100338,26,Male,Bangalore,No
CUST100339,58,Male,Surat,No
CUST100340,44,Male,Pune,Yes
CUST100341,30,Male,Pune,No
CUST100342,44,Male,Hyderabad,No
CUST100344,56,Female,Hyderabad,No
CUST100346,59,Male,Kochi,No
CUST100347,57,Female,Kolkata,Yes
CUST100348,25,Male,Kochi,Yes
CUST100349,24,Female,Hyderabad,Yes
CUST100350,40,Female,Ahmedabad,No
CUST100351,19,Male,Delhi,No
CUST100353,36,Female,Bangalore,Yes
CUST100354,58,Female,Delhi,No
CUST100355,59,Female,Delhi,No
CUST100357,55,Male,Pune,Yes
CUST100359,49,Female,Hyderabad,Yes
CUST100360,53,Female,Visakhapatnam,Yes
CUST100361,55,Male,Patna,No
CUST100362,27,Female,Mumbai,No
CUST100364,22,Female,Ahmedabad,No
CUST100365,39,Male,Chandigarh,No
CUST100366,37,Female,Chennai,Yes
CUST100367,31,Female,Noida,No
CUST100368,18,Male,Mumbai,No
CUST100369,50,Male,Hyderabad,Yes
CUST100370,32,Male,Chandigarh,No
CUST100371,45,Female,Pune,No
CUST100372,35,Female,Surat,Yes
CUST100373,33,Male,Delhi,No
CUST100374,55,Male,Mumbai,No
CUST100377,49,Female,Delhi,No
CUST100378,33,Female,Kolkata,No
CUST100379,29,Male,Kolkata,No
CUST100381,57,Male,Chennai,No
CUST100382,57,Female,Delhi,Yes
CUST100383,28,Male,Jaipur,Yes
CUST100384,19,Female,Delhi,Yes
CUST100385,23,Female,Nagpur,No
CUST100387,52,Female,Kolkata,No
CUST100388,55,Female,Kochi,No
CUST100389,24,Male,Pune,No
CUST100390,49,Male,Pune,No
CUST100392,33,Male,Mumbai,No
CUST100393,43,Male,Jaipur,No
CUST100394,48,Male,Nagpur,Yes
CUST100395,54,Female,Visakhapatnam,No
CUST100397,26,Male,Hyderabad,No
CUST100398,29,Female,Noida,No
CUST100399,31,Female,Pune,No
CUST100400,59,Female,Bangalore,No
CUST100403,58,Female,Kolkata,No
CUST100404,38,Male,Mumbai,No
CUST100405,39,Female,Delhi,No
CUST100406,36,Male,Delhi,Yes
CUST100407,24,Male,Patna,No
CUST100408,57,Male,Delhi,No
CUST100409,18,Female,Delhi,No
CUST100411,27,Male,Bangalore,No
CUST100413,23,Male,Kochi,Yes
CUST100415,46,Female,Chennai,No
CUST100416,58,Male,Chennai,No
CUST100417,23,Male,Delhi,No
CUST100420,56,Female,Mumbai,Yes
CUST100421,47,Male,Pune,No
CUST100422,50,Male,Mumbai,No
CUST100423,42,Male,Mumbai,No
CUST100424,35,Male,Kolkata,No
CUST100425,26,Male,Chennai,No
CUST100426,54,Female,Mumbai,No
CUST100427,51,Male,Delhi,Yes
CUST100430,21,Male,Gurgaon,Yes
CUST100431,49,Male,Patna,Yes
CUST100432,52,Male,Chennai,No
CUST100433,23,Male,Chennai,No
CUST100434,36,Male,Lucknow,No
CUST100436,41,Female,Bangalore,No
CUST100437,56,Male,Mumbai,No
CUST100439,34,Female,Pune,Yes
CUST100440,58,Male,Mumbai,No
CUST100441,30,Female,Hyderabad,Yes
CUST100442,23,Female,Hyderabad,No
CUST100443,38,Female,Bangalore,No
CUST100444,39,Female,Kolkata,No
CUST100446,31,Male,Kolkata,No
CUST100448,39,Male,Mumbai,Yes
CUST100449,30,Male,Indore,No
CUST100450,58,Female,Kolkata,No
CUST100451,56,Male,Delhi,Yes
CUST100453,19,Female,Indore,No
CUST100454,43,Male,Noida,Yes
CUST100455,41,Male,Nagpur,Yes
CUST100456,24,Female,Pune,No
CUST100457,44,Male,Chennai,No
CUST100458,53,Male,Chennai,No
CUST100459,22,Male,Bangalore,No
CUST100460,48,Female,Ahmedabad,No
CUST100461,23,Male,Pune,No
CUST100462,49,Male,Mumbai,No
CUST100464,18,Male,Chennai,No
CUST100465,58,Female,Delhi,No
CUST100468,25,Male,Patna,No
CUST100469,57,Male,Kolkata,No
CUST100471,51,Male,Nagpur,No
CUST100472,36,Male,Indore,No
CUST100473,37,Female,Nagpur,Yes
CUST100474,44,Male,Chennai,Yes
CUST100475,50,Female,Noida,Yes
CUST100478,45,Male,Mumbai,Yes
CUST100479,22,Male,Chandigarh,No
CUST100480,30,Male,Bhubaneswar,Yes
CUST100481,52,Male,Hyderabad,Yes
CUST100482,28,Female,Visakhapatnam,No
CUST100483,51,Male,Chennai,No
CUST100484,37,Female,Bangalore,No
CUST100485,27,Male,Mumbai,No
CUST100486,32,Male,Gurgaon,No
CUST100487,40,Male,Pune,Yes
CUST100488,50,Female,Hyderabad,No
CUST100489,43,Male,Pune,No
CUST100490,57,Male,Hyderabad,Yes
CUST100491,54,Female,Chennai,No
CUST100492,49,Female,Nagpur,No
CUST100493,43,Male,Jaipur,No
CUST100494,30,Female,Noida,No
CUST100495,35,Male,Pune,No
CUST100496,22,Male,Visakhapatnam,Yes
CUST100497,33,Male,Bangalore,No
CUST100498,56,Male,Bangalore,No
CUST100499,35,Male,Mumbai,Yes
CUST100500,22,Female,Pune,Yes
CUST100502,58,Female,Chandigarh,Yes
CUST100503,54,Female,Hyderabad,No
CUST100504,29,Female,Delhi,No
CUST100505,37,Female,Ahmedabad,Yes
CUST100506,40,Female,Visakhapatnam,No
CUST100507,28,Female,Hyderabad,Yes
CUST100509,27,Male,Hyderabad,No
CUST100510,59,Male,Chennai,Yes
CUST100513,52,Female,Ahmedabad,No
CUST100514,58,Male,Hyderabad,No
CUST100515,22,Female,Chennai,No
CUST100516,55,Male,Delhi,No
CUST100517,20,Male,Patna,Yes
CUST100518,37,Male,Chennai,No
CUST100519,42,Male,Hyderabad,Yes
CUST100520,33,Male,Delhi,No
CUST100521,24,Male,Ahmedabad,No
CUST100522,26,Male,Nagpur,No
CUST100523,52,Male,Delhi,No
CUST100524,31,Male,Mumbai,Yes
CUST100527,24,Male,Patna,No
CUST100531,24,Female,Chandigarh,Yes
CUST100532,24,Female,Bangalore,Yes
CUST100533,29,Female,Mumbai,No
CUST100534,42,Male,Hyderabad,No
CUST100535,24,Female,Gurgaon,Yes
CUST100536,37,Male,Lucknow,Yes
CUST100538,40,Female,Surat,Yes
CUST100539,18,Female,Hyderabad,Yes
CUST100540,47,Female,Hyderabad,Yes
CUST100541,20,Male,Delhi,Yes
CUST100542,26,Female,Nagpur,Yes
CUST100543,25,Female,Pune,No
CUST100547,42,Female,Noida,No
CUST100548,39,Female,Jaipur,No
CUST100549,46,Male,Bangalore,No
CUST100550,51,Female,Kochi,No
CUST100551,34,Male,Noida,No
CUST100552,52,Female,Ahmedabad,No
CUST100553,31,Female,Ahmedabad,No
CUST100554,59,Female,Kochi,No
CUST100555,39,Female,Patna,Yes
CUST100557,54,Male,Chennai,No
CUST100558,51,Male,Chennai,Yes
CUST100559,53,Male,Indore,No
CUST100560,40,Male,Ahmedabad,Yes
CUST100561,19,Male,Delhi,Yes
CUST100562,38,Male,Mumbai,No
CUST100563,25,Male,Kochi,Yes
CUST100565,27,Male,Bhubaneswar,No
CUST100566,27,Female,Chennai,No
CUST100567,28,Male,Gurgaon,No
CUST100569,41,Male,Hyderabad,No
CUST100570,57,Male,Mumbai,No
CUST100571,35,Male,Visakhapatnam,No
CUST100572,29,Male,Delhi,No
CUST100573,20,Male,Pune,No
CUST100574,18,Male,Ahmedabad,No
CUST100575,33,Female,Jaipur,No
CUST100577,39,Female,Chandigarh,Yes
CUST100578,55,Male,Bangalore,No
CUST100579,22,Female,Indore,Yes
CUST100582,22,Female,Gurgaon,No
CUST100584,34,Female,Bangalore,No
CUST100585,56,Male,Gurgaon,No
CUST100586,46,Female,Delhi,Yes
CUST100587,22,Female,Bangalore,No
CUST100589,53,Female,Patna,No
CUST100590,51,Male,Pune,No
CUST100592,28,Female,Visakhapatnam,No
CUST100593,59,Male,Kolkata,No
CUST100595,51,Female,Chennai,No
CUST100596,42,Male,Hyderabad,No
CUST100597,50,Male,Hyderabad,No
CUST100599,44,Female,Delhi,No
CUST100600,43,Male,Jaipur,No
CUST100601,50,Female,Bangalore,Yes
CUST100602,49,Female,Chennai,Yes
CUST100603,23,Male,Mumbai,No
CUST100604,52,Male,Pune,No
CUST100605,40,Female,Chandigarh,No
CUST100606,31,Female,Hyderabad,Yes
CUST100607,39,Male,Mumbai,No
CUST100608,58,Male,Bangalore,Yes
CUST100609,54,Male,Indore,Yes
CUST100610,53,Female,Bangalore,Yes
CUST100611,37,Male,Gurgaon,No
CUST100612,50,Female,Hyderabad,No
CUST100613,34,Male,Bangalore,Yes
CUST100614,46,Female,Chandigarh,Yes
CUST100616,28,Male,Delhi,No
CUST100617,29,Female,Bhubaneswar,No
CUST100618,20,Female,Mumbai,Yes
CUST100619,23,Male,Hyderabad,No
CUST100620,36,Male,Chennai,No
CUST100621,38,Male,Kolkata,No
CUST100622,24,Male,Gurgaon,Yes
CUST100623,35,Male,Delhi,No
CUST100624,43,Female,Patna,No
CUST100625,27,Male,Ahmedabad,Yes
CUST100626,32,Female,Bhubaneswar,Yes
CUST100627,33,Male,Indore,No
CUST100628,39,Male,Patna,No
CUST100629,33,Female,Pune,No
CUST100630,48,Male,Hyderabad,No
CUST100631,31,Female,Chennai,No
CUST100633,33,Female,Chennai,No
CUST100635,46,Female,Mumbai,No
CUST100636,27,Male,Surat,Yes
CUST100639,57,Female,Mumbai,Yes
CUST100641,56,Male,Indore,No
CUST100643,38,Male,Chandigarh,Yes
CUST100644,50,Male,Bhubaneswar,No
CUST100645,31,Male,Hyderabad,No
CUST100646,37,Male,Indore,No
CUST100647,40,Female,Hyderabad,Yes
CUST100648,58,Male,Kolkata,No
CUST100649,53,Male,Chennai,No
CUST100650,38,Female,Delhi,No
CUST100651,45,Female,Pune,No
CUST100652,26,Male,Noida,No
CUST100653,51,Female,Mumbai,Yes
CUST100654,41,Female,Patna,No
CUST100656,50,Female,Mumbai,Yes
CUST100658,21,Male,Bangalore,No
CUST100659,30,Male,Delhi,No
CUST100661,48,Female,Mumbai,Yes
CUST100662,19,Male,Mumbai,No
CUST100664,43,Female,Delhi,Yes
CUST100665,47,Male,Indore,No
CUST100668,56,Female,Kolkata,No
CUST100669,23,Female,Mumbai,No
CUST100671,43,Female,Delhi,No
CUST100672,44,Female,Bhubaneswar,No
CUST100674,44,Female,Jaipur,Yes
CUST100675,48,Male,Mumbai,No
CUST100676,42,Female,Bangalore,No
CUST100677,21,Male,Kolkata,No
CUST100678,39,Female,Pune,No
CUST100679,57,Female,Visakhapatnam,No
CUST100680,48,Male,Delhi,Yes
CUST100681,23,Male,Delhi,No
CUST100682,58,Male,Hyderabad,No
CUST100683,58,Female,Chennai,No
CUST100684,25,Male,Nagpur,Yes
CUST100685,51,Male,Kochi,Yes
CUST100686,35,Female,Nagpur,No
CUST100687,42,Female,Mumbai,Yes
CUST100689,50,Male,Noida,No
CUST100692,57,Female,Bangalore,Yes
CUST100693,57,Male,Hyderabad,Yes
CUST100694,21,Male,Nagpur,No
CUST100695,28,Male,Bangalore,No
CUST100696,48,Female,Bhubaneswar,Yes
CUST100698,20,Male,Delhi,Yes
CUST100699,21,Female,Bangalore,Yes
CUST100700,39,Female,Mumbai,Yes
CUST100701,43,Female,Kolkata,No
CUST100702,25,Male,Mumbai,Yes
CUST100704,23,Male,Nagpur,No
CUST100705,41,Male,Chennai,No
CUST100706,18,Female,Mumbai,Yes
CUST100707,42,Male,Chennai,Yes
CUST100709,37,Female,Pune,No
CUST100710,46,Female,Mumbai,No
CUST100711,39,Male,Kolkata,Yes
CUST100713,50,Male,Hyderabad,No
CUST100714,56,Male,Mumbai,Yes
CUST100715,51,Male,Visakhapatnam,Yes
CUST100716,39,Male,Mumbai,Yes
CUST100719,43,Female,Pune,Yes
CUST100721,57,Male,Bangalore,No
CUST100722,53,Male,Chennai,No
CUST100723,23,Male,Jaipur,No
CUST100724,51,Male,Hyderabad,No
CUST100725,22,Female,Patna,No
CUST100726,48,Male,Hyderabad,No
CUST100727,21,Male,Bangalore,No
CUST100728,38,Female,Bhubaneswar,Yes
CUST100729,45,Male,Indore,No
CUST100731,35,Male,Surat,No
CUST100732,56,Female,Kolkata,No
CUST100733,50,Male,Hyderabad,No
CUST100734,26,Male,Surat,No
CUST100735,46,Female,Noida,Yes
CUST100736,48,Female,Hyderabad,No
CUST100737,32,Male,Pune,No
CUST100739,55,Male,Delhi,No
CUST100740,52,Male,Bhubaneswar,Yes
CUST100742,44,Female,Pune,Yes
CUST100745,33,Male,Hyderabad,No
CUST100746,40,Female,Visakhapatnam,No
CUST100748,31,Male,Jaipur,No
CUST100749,24,Male,Kolkata,No
CUST100750,58,Male,Hyderabad,No
CUST100751,24,Female,Delhi,No
CUST100752,21,Male,Hyderabad,No
CUST100753,57,Female,Mumbai,No
CUST100754,41,Male,Jaipur,Yes
CUST100756,48,Male,Hyderabad,Yes
CUST100757,34,Male,Hyderabad,Yes
CUST100758,23,Female,Jaipur,No
CUST100759,48,Male,Mumbai,Yes
CUST100760,25,Female,Patna,No
CUST100761,41,Male,Chennai,Yes
CUST100762,57,Male,Mumbai,Yes
CUST100763,57,Female,Mumbai,No
CUST100764,33,Female,Patna,No
CUST100766,43,Male,Jaipur,No
CUST100768,23,Male,Bangalore,No
CUST100770,45,Male,Mumbai,Yes
CUST100772,18,Male,Kolkata,No
CUST100773,48,Male,Nagpur,No
CUST100774,53,Male,Hyderabad,No
CUST100775,57,Male,Mumbai,Yes
CUST100777,22,Female,Jaipur,No
CUST100778,29,Male,Surat,No
CUST100779,53,Female,Noida,Yes
CUST100780,54,Female,Lucknow,No
CUST100781,44,Male,Chennai,Yes
CUST100782,23,Male,Hyderabad,No
CUST100783,23,Male,Chandigarh,Yes
CUST100784,38,Male,Chandigarh,No
CUST100786,19,Female,Pune,No
CUST100787,46,Male,Hyderabad,No
CUST100788,40,Female,Kolkata,No
CUST100789,18,Male,Pune,No
CUST100793,52,Male,Delhi,No
CUST100794,36,Female,Pune,No
CUST100795,30,Female,Ahmedabad,No
CUST100796,58,Male,Patna,No
CUST100797,37,Male,Chennai,No
CUST100798,31,Male,Pune,Yes
CUST100799,36,Female,Kolkata,No
CUST100800,18,Female,Kolkata,Yes
CUST100801,30,Female,Delhi,Yes
CUST100802,39,Female,Kochi,Yes
CUST100803,56,Female,Kochi,Yes
CUST100805,50,Male,Pune,No
CUST100807,22,Male,Pune,No
CUST100808,34,Male,Chennai,No
CUST100810,19,Female,Delhi,No
CUST100811,54,Female,Lucknow,No
CUST100814,50,Male,Pune,No
CUST100815,53,Male,Bangalore,Yes
CUST100816,19,Male,Chennai,No
CUST100818,45,Male,Pune,No
CUST100819,59,Female,Delhi,No
CUST100820,19,Male,Chennai,No
CUST100822,23,Female,Ahmedabad,No
CUST100823,45,Male,Pune,No
CUST100824,44,Female,Delhi,No
CUST100826,46,Male,Chandigarh,No
CUST100827,55,Female,Noida,No
CUST100828,54,Female,Delhi,Yes
CUST100829,19,Female,Hyderabad,No
CUST100830,28,Female,Chennai,Yes
CUST100831,28,Female,Mumbai,No
CUST100832,37,Female,Chennai,Yes
CUST100834,53,Female,Mumbai,No
CUST100835,50,Female,Jaipur,Yes
CUST100836,51,Female,Bangalore,No
CUST100837,26,Female,Lucknow,No
CUST100838,18,Male,Delhi,Yes
CUST100839,56,Female,Pune,No
CUST100840,30,Female,Chennai,Yes
CUST100841,45,Male,Gurgaon,Yes
CUST100842,56,Male,Gurgaon,Yes
CUST100843,19,Female,Chennai,No
CUST100844,18,Male,Pune,No
CUST100845,18,Female,Bangalore,No
CUST100847,20,Male,Delhi,No
CUST100848,52,Female,Chennai,No
CUST100849,43,Female,Bangalore,No
CUST100850,59,Female,Nagpur,No
CUST100851,51,Female,Chennai,Yes
CUST100852,58,Female,Pune,Yes
CUST100854,30,Female,Hyderabad,No
CUST100855,53,Female,Bangalore,Yes
CUST100856,28,Female,Kochi,No
CUST100857,20,Male,Gurgaon,No
CUST100858,46,Male,Mumbai,Yes
CUST100859,51,Female,Noida,Yes
CUST100860,58,Female,Chennai,Yes
CUST100861,56,Female,Delhi,No
CUST100862,23,Male,Kolkata,No
CUST100863,50,Female,Mumbai,No
CUST100864,53,Male,Bangalore,Yes
CUST100866,52,Female,Bangalore,Yes
CUST100867,53,Female,Kochi,No
CUST100868,36,Female,Ahmedabad,No
CUST100869,19,Male,Surat,No
CUST100870,37,Male,Pune,No
CUST100871,26,Female,Nagpur,No
CUST100872,22,Female,Chennai,Yes
CUST100873,23,Male,Pune,No
CUST100874,47,Male,Kolkata,Yes
CUST100875,39,Male,Kochi,Yes
CUST100877,49,Male,Pune,No
CUST100878,41,Male,Noida,Yes
CUST100879,44,Female,Chennai,No
CUST100880,21,Male,Nagpur,No
CUST100883,24,Male,Pune,Yes
CUST100886,20,Female,Delhi,Yes
CUST100888,18,Male,Noida,No
CUST100889,29,Female,Kochi,Yes
CUST100890,22,Female,Pune,No
CUST100892,39,Male,Kolkata,No
CUST100893,59,Female,Surat,Yes
CUST100895,43,Female,Hyderabad,Yes
CUST100897,20,Male,Kochi,Yes
CUST100898,20,Female,Surat,Yes
CUST100899,43,Male,Delhi,Yes
CUST100900,18,Male,Indore,Yes
CUST100901,19,Female,Mumbai,No
CUST100903,55,Female,Noida,No
CUST100904,37,Male,Kolkata,No
CUST100905,47,Male,Chennai,Yes
CUST100907,25,Female,Surat,No
CUST100908,33,Female,Delhi,No
CUST100909,21,Female,Pune,Yes
CUST100910,50,Male,Noida,No
CUST100911,25,Male,Pune,No
CUST100913,59,Male,Jaipur,No
CUST100914,42,Male,Mumbai,No
CUST100915,37,Female,Bangalore,Yes
CUST100916,40,Male,Indore,No
CUST100917,50,Male,Visakhapatnam,Yes
CUST100921,42,Female,Delhi,No
CUST100922,36,Male,Delhi,Yes
CUST100923,24,Female,Kochi,No
CUST100924,28,Female,Gurgaon,No
CUST100925,57,Male,Nagpur,No
CUST100926,40,Female,Ahmedabad,No
CUST100927,30,Female,Hyderabad,No
CUST100928,35,Female,Kochi,No
CUST100929,42,Female,Hyderabad,No
CUST100930,40,Female,Hyderabad,No
CUST100931,47,Female,Kochi,Yes
CUST100932,28,Female,Jaipur,Yes
CUST100933,45,Male,Kochi,No
CUST100934,36,Female,Mumbai,No
CUST100935,57,Female,Bhubaneswar,No
CUST100936,24,Female,Pune,Yes
CUST100937,24,Male,Jaipur,Yes
CUST100938,37,Male,Kochi,No
CUST100939,39,Male,Chennai,No
CUST100940,47,Male,Chandigarh,Yes
CUST100942,56,Male,Gurgaon,Yes
CUST100943,37,Male,Kochi,No
CUST100944,23,Female,Jaipur,No
CUST100945,23,Male,Delhi,No
CUST100946,58,Female,Bangalore,Yes
CUST100949,29,Male,Bhubaneswar,Yes
CUST100950,21,Female,Delhi,Yes
CUST100951,30,Male,Chennai,No
CUST100952,43,Female,Noida,No
CUST100953,35,Female,Noida,No
CUST100954,50,Male,Delhi,No
CUST100955,43,Female,Pune,No
CUST100956,34,Male,Mumbai,No
CUST100957,44,Male,Kolkata,No
CUST100958,58,Male,Bangalore,Yes
CUST100959,35,Male,Delhi,No
CUST100960,24,Female,Delhi,Yes
CUST100961,35,Female,Kochi,No
CUST100962,53,Female,Noida,No
CUST100964,57,Female,Kolkata,No
CUST100965,42,Male,Chennai,Yes
CUST100967,31,Male,Pune,Yes
CUST100968,56,Female,Hyderabad,No
CUST100971,35,Female,Nagpur,No
CUST100973,37,Female,Kolkata,Yes
CUST100974,24,Female,Bangalore,Yes
CUST100975,27,Female,Delhi,Yes
CUST100977,42,Female,Pune,No
CUST100978,32,Male,Chandigarh,No
CUST100979,41,Female,Delhi,No
CUST100980,42,Male,Visakhapatnam,No
CUST100983,45,Male,Nagpur,No
CUST100984,42,Male,Bangalore,No
CUST100985,45,Male,Chandigarh,No
CUST100986,43,Male,Nagpur,Yes
CUST100987,31,Male,Indore,No
CUST100988,28,Male,Indore,Yes
CUST100989,51,Male,Kolkata,No
CUST100990,32,Female,Indore,No
CUST100992,26,Female,Mumbai,Yes
CUST100993,36,Male,Mumbai,No
CUST100994,40,Male,Noida,No
CUST100996,40,Male,Kolkata,No
CUST100997,33,Male,Kochi,No
CUST100998,58,Female,Jaipur,No
CUST100999,39,Female,Chennai,No
CUST101000,51,Male,Chennai,No
CUST101001,48,Female,Pune,Yes
CUST101002,41,Male,Noida,No
CUST101003,55,Female,Pune,Yes
CUST101004,23,Male,Kolkata,Yes
CUST101005,56,Male,Chandigarh,No
CUST101006,53,Female,Lucknow,Yes
CUST101007,39,Male,Surat,No
CUST101008,48,Female,Delhi,No
CUST101009,39,Male,Noida,Yes
CUST101010,29,Female,Kolkata,No
CUST101011,51,Female,Delhi,No
CUST101012,28,Male,Jaipur,No
CUST101013,31,Female,Chandigarh,Yes
CUST101014,39,Male,Kolkata,No
CUST101015,53,Male,Gurgaon,No
CUST101016,34,Male,Hyderabad,No
CUST101017,38,Female,Bangalore,No
CUST101018,19,Female,Hyderabad,No
CUST101019,22,Female,Chennai,No
CUST101020,20,Female,Lucknow,Yes
CUST101022,54,Male,Chandigarh,No
CUST101023,53,Female,Mumbai,No
CUST101024,52,Female,Chennai,No
CUST101025,20,Male,Mumbai,No
CUST101026,21,Female,Jaipur,No
CUST101027,29,Male,Bangalore,No
CUST101028,41,Male,Kolkata,Yes
CUST101029,32,Male,Gurgaon,Yes
CUST101030,38,Male,Jaipur,No
CUST101031,25,Male,Hyderabad,No
CUST101032,48,Female,Hyderabad,No
CUST101033,31,Female,Ahmedabad,No
CUST101034,20,Female,Pune,No
CUST101035,49,Male,Mumbai,Yes
CUST101036,55,Male,Nagpur,No
CUST101037,18,Male,Kolkata,No
CUST101041,53,Female,Hyderabad,Yes
CUST101042,35,Female,Hyderabad,No
CUST101043,33,Female,Pune,No
CUST101044,47,Male,Kolkata,Yes
CUST101045,24,Female,Kochi,Yes
CUST101046,28,Female,Patna,Yes
CUST101048,46,Female,Mumbai,No
CUST101049,23,Female,Gurgaon,No
CUST101050,39,Female,Visakhapatnam,Yes
CUST101051,33,Male,Nagpur,No
CUST101052,39,Female,Delhi,No
CUST101053,58,Female,Bangalore,No
CUST101055,59,Female,Indore,No
CUST101056,36,Male,Pune,No
CUST101057,50,Female,Kolkata,No
CUST101059,31,Male,Bangalore,No
CUST101060,50,Female,Pune,No
CUST101061,46,Male,Delhi,No
CUST101064,49,Male,Jaipur,Yes
CUST101067,44,Male,Chandigarh,No
CUST101068,32,Female,Mumbai,No
CUST101069,18,Male,Bangalore,No
CUST101070,46,Female,Ahmedabad,Yes
CUST101071,26,Male,Hyderabad,No
CUST101072,49,Male,Mumbai,No
CUST101074,37,Female,Mumbai,No
CUST101075,24,Male,Kolkata,Yes
CUST101076,47,Male,Pune,No
CUST101077,24,Female,Mumbai,No
CUST101078,35,Female,Lucknow,Yes
CUST101080,56,Female,Hyderabad,No
CUST101081,59,Female,Bangalore,No
CUST101082,58,Male,Gurgaon,Yes
CUST101083,41,Female,Bhubaneswar,Yes
CUST101084,26,Male,Kolkata,Yes
CUST101085,53,Female,Delhi,Yes
CUST101086,51,Male,Bangalore,Yes
CUST101087,59,Female,Mumbai,No
CUST101090,39,Female,Bhubaneswar,No
CUST101091,36,Male,Pune,No
CUST101093,34,Female,Surat,Yes
CUST101095,21,Male,Gurgaon,No
CUST101097,49,Male,Surat,No
CUST101099,36,Female,Delhi,No
CUST101100,38,Female,Surat,Yes
CUST101101,37,Female,Delhi,No
CUST101102,56,Male,Mumbai,No
CUST101103,24,Female,Gurgaon,No
CUST101104,30,Female,Kolkata,No
CUST101105,25,Male,Nagpur,No
CUST101107,56,Male,Pune,No
CUST101108,57,Male,Hyderabad,No
CUST101109,19,Female,Mumbai,No
CUST101112,26,Male,Kolkata,No
CUST101113,30,Male,Hyderabad,No
CUST101115,38,Male,Pune,No
CUST101116,59,Male,Gurgaon,Yes
CUST101117,42,Female,Gurgaon,No
CUST101118,48,Male,Nagpur,No
CUST101119,38,Female,Hyderabad,No
CUST101120,18,Male,Kolkata,No
CUST101122,29,Male,Noida,No
CUST101123,28,Male,Hyderabad,No
CUST101125,53,Female,Mumbai,No
CUST101126,53,Female,Indore,Yes
CUST101127,44,Male,Indore,No
CUST101128,41,Male,Nagpur,Yes
CUST101129,45,Female,Delhi,No
CUST101130,35,Male,Visakhapatnam,Yes
CUST101132,51,Female,Hyderabad,No
CUST101133,50,Male,Bangalore,No
CUST101134,43,Male,Bangalore,Yes
CUST101135,20,Male,Pune,No
CUST101136,48,Male,Bangalore,No
CUST101137,33,Female,Chennai,No
CUST101138,49,Female,Ahmedabad,Yes
CUST101139,40,Female,Surat,Yes
CUST101140,55,Male,Lucknow,No
CUST101141,32,Female,Pune,No
CUST101142,57,Male,Mumbai,Yes
CUST101144,31,Male,Delhi,Yes
CUST101145,38,Female,Bangalore,No
CUST101146,40,Male,Delhi,Yes
CUST101147,50,Male,Jaipur,No
CUST101150,33,Male,Hyderabad,No
CUST101151,39,Female,Kolkata,No
CUST101152,36,Female,Kolkata,No
CUST101153,56,Male,Delhi,No
CUST101154,30,Female,Chennai,No
CUST101155,42,Female,Ahmedabad,No
CUST101157,53,Female,Delhi,Yes
CUST101158,34,Female,Jaipur,Yes
CUST101159,32,Female,Hyderabad,No
CUST101160,42,Female,Delhi,No
CUST101161,38,Female,Mumbai,No
CUST101163,40,Male,Hyderabad,No
CUST101164,39,Male,Lucknow,No
CUST101165,22,Female,Bangalore,No
CUST101168,59,Female,Pune,Yes
CUST101169,56,Female,Gurgaon,Yes
CUST101170,44,Male,Chennai,Yes
CUST101171,44,Female,Delhi,No
CUST101172,34,Female,Kolkata,Yes
CUST101174,18,Female,Bhubaneswar,No
CUST101177,26,Male,Hyderabad,No
CUST101178,28,Male,Mumbai,No
CUST101179,19,Male,Jaipur,Yes
CUST101180,43,Male,Kolkata,No
CUST101181,56,Male,Kolkata,Yes
CUST101182,47,Female,Indore,No
CUST101183,36,Male,Hyderabad,No
CUST101184,35,Male,Jaipur,No
CUST101186,23,Female,Delhi,No
CUST101187,43,Female,Chennai,No
CUST101189,18,Male,Kolkata,No
CUST101190,35,Female,Mumbai,No
CUST101191,29,Male,Lucknow,Yes
CUST101192,25,Female,Bhubaneswar,No
CUST101193,47,Female,Kochi,Yes
CUST101195,44,Female,Chennai,Yes
CUST101196,47,Female,Pune,No
CUST101197,59,Male,Indore,Yes
CUST101200,54,Female,Kolkata,Yes
CUST101201,38,Male,Mumbai,No
CUST101202,59,Male,Pune,No
CUST101203,49,Female,Mumbai,No
CUST101204,45,Male,Delhi,Yes
CUST101205,55,Male,Kolkata,No
CUST101206,39,Male,Ahmedabad,No
CUST101208,29,Male,Gurgaon,Yes
CUST101209,58,Male,Surat,No
CUST101210,44,Male,Noida,No
CUST101211,50,Female,Lucknow,No
CUST101212,37,Female,Delhi,Yes
CUST101213,54,Male,Pune,Yes
CUST101215,22,Female,Delhi,No
CUST101216,39,Male,Mumbai,No
CUST101217,48,Female,Indore,No
CUST101219,36,Female,Bhubaneswar,Yes
CUST101220,45,Male,Visakhapatnam,No
CUST101222,58,Male,Mumbai,No
CUST101225,58,Female,Nagpur,No
CUST101227,59,Male,Mumbai,No
CUST101228,24,Female,Patna,No
CUST101229,30,Female,Mumbai,No
CUST101230,52,Male,Chennai,Yes
CUST101232,58,Male,Mumbai,No
CUST101234,44,Female,Visakhapatnam,Yes
CUST101235,32,Female,Nagpur,Yes
CUST101237,23,Male,Hyderabad,No
CUST101238,30,Male,Bangalore,No
CUST101239,19,Male,Chennai,No
CUST101242,58,Male,Gurgaon,Yes
CUST101243,38,Male,Visakhapatnam,Yes
CUST101244,54,Male,Kolkata,No
CUST101245,59,Female,Chennai,No
CUST101246,54,Male,Chennai,No
CUST101247,37,Male,Mumbai,No
CUST101248,31,Female,Bangalore,No
CUST101250,28,Male,Chennai,Yes
CUST101251,35,Male,Pune,No
CUST101253,51,Male,Bangalore,No
CUST101254,45,Female,Delhi,No
CUST101255,21,Female,Delhi,Yes
CUST101256,27,Female,Mumbai,No
CUST101258,40,Female,Indore,No
CUST101260,29,Male,Ahmedabad,No
CUST101261,56,Female,Chennai,Yes
CUST101262,36,Male,Mumbai,No
CUST101264,28,Male,Hyderabad,Yes
CUST101265,19,Male,Nagpur,No
CUST101267,33,Female,Bangalore,No
CUST101268,58,Female,Hyderabad,No
CUST101269,20,Male,Mumbai,No
CUST101271,22,Male,Delhi,No
CUST101272,57,Male,Delhi,No
CUST101273,46,Male,Bangalore,No
CUST101274,50,Male,Indore,No
CUST101275,47,Male,Kolkata,Yes
CUST101276,45,Male,Pune,No
CUST101277,50,Male,Hyderabad,Yes
CUST101278,18,Female,Delhi,Yes
CUST101281,49,Male,Delhi,No
CUST101282,34,Female,Pune,No
CUST101283,51,Male,Delhi,Yes
CUST101286,56,Male,Kolkata,No
CUST101287,27,Female,Bangalore,No
CUST101288,22,Male,Hyderabad,No
CUST101289,44,Male,Chandigarh,Yes
CUST101291,54,Female,Mumbai,No
CUST101292,36,Female,Pune,No
CUST101293,18,Female,Pune,Yes
CUST101294,57,Female,Visakhapatnam,Yes
CUST101295,39,Male,Chennai,No
CUST101296,29,Female,Delhi,Yes
CUST101298,40,Female,Ahmedabad,No
CUST101299,19,Male,Mumbai,Yes
CUST101301,34,Female,Bangalore,No
CUST101302,47,Male,Surat,Yes
CUST101304,43,Male,Chennai,Yes
CUST101305,46,Female,Bhubaneswar,No
CUST101306,28,Female,Visakhapatnam,No
CUST101307,27,Male,Mumbai,No
CUST101308,35,Female,Chennai,No
CUST101309,53,Female,Pune,No
CUST101310,40,Female,Delhi,Yes
CUST101312,50,Female,Bangalore,Yes
CUST101313,53,Female,Bhubaneswar,No
CUST101315,30,Male,Noida,No
CUST101317,42,Female,Mumbai,No
CUST101318,36,Male,Nagpur,No
CUST101319,34,Female,Delhi,Yes
CUST101320,22,Female,Delhi,No
CUST101321,29,Male,Chennai,Yes
CUST101322,41,Male,Jaipur,Yes
CUST101323,55,Female,Hyderabad,No
CUST101325,25,Female,Hyderabad,No
CUST101326,46,Female,Bangalore,No
CUST101327,21,Female,Delhi,Yes
CUST101328,46,Male,Kolkata,Yes
CUST101329,32,Female,Mumbai,No
CUST101330,36,Female,Hyderabad,No
CUST101331,48,Male,Ahmedabad,Yes
CUST101332,35,Female,Chandigarh,No
CUST101333,51,Female,Bangalore,No
CUST101335,59,Male,Bangalore,No
CUST101336,44,Male,Bhubaneswar,No
CUST101337,30,Male,Bangalore,No
CUST101338,50,Male,Bangalore,No
CUST101339,35,Male,Chennai,Yes
CUST101340,40,Female,Bangalore,Yes
CUST101341,23,Male,Mumbai,Yes
CUST101342,23,Female,Mumbai,No
CUST101343,42,Male,Ahmedabad,Yes
CUST101345,59,Male,Ahmedabad,No
CUST101346,53,Male,Gurgaon,No
CUST101348,48,Female,Patna,No
CUST101349,42,Female,Chandigarh,Yes
CUST101351,34,Female,Chandigarh,No
CUST101352,38,Male,Hyderabad,No
CUST101353,56,Female,Hyderabad,No
CUST101354,27,Male,Chennai,No
CUST101356,32,Male,Kolkata,No
CUST101357,23,Male,Delhi,No
CUST101358,22,Male,Delhi,No
CUST101359,33,Female,Patna,Yes
CUST101360,21,Female,Lucknow,Yes
CUST101361,20,Female,Pune,No
CUST101363,26,Female,Pune,No
CUST101364,41,Male,Kochi,No
CUST101365,18,Female,Ahmedabad,Yes
CUST101366,30,Male,Pune,No
CUST101367,37,Male,Kolkata,No
CUST101368,58,Female,Hyderabad,No
CUST101369,44,Male,Lucknow,No
CUST101370,54,Male,Visakhapatnam,No
CUST101371,32,Female,Chennai,Yes
CUST101372,36,Male,Chennai,No
CUST101373,35,Female,Chennai,No
CUST101374,55,Male,Chennai,No
CUST101375,58,Female,Visakhapatnam,Yes
CUST101376,58,Female,Lucknow,No
CUST101377,49,Female,Hyderabad,Yes
CUST101378,39,Female,Chennai,No
CUST101379,40,Female,Chennai,Yes
CUST101380,59,Female,Delhi,No
CUST101381,29,Male,Kolkata,No
CUST101382,32,Male,Indore,No
CUST101383,55,Female,Jaipur,No
CUST101386,41,Male,Chandigarh,No
CUST101387,31,Female,Bangalore,No
CUST101388,55,Male,Pune,Yes
CUST101389,56,Female,Pune,Yes
CUST101390,30,Female,Surat,No
CUST101391,40,Female,Mumbai,No
CUST101392,59,Male,Bangalore,No
CUST101393,49,Female,Kolkata,Yes
CUST101394,27,Female,Delhi,No
CUST101395,42,Male,Chennai,No
CUST101396,44,Female,Gurgaon,No
CUST101397,45,Male,Mumbai,No
CUST101398,19,Female,Kolkata,No
CUST101399,30,Male,Visakhapatnam,No
CUST101400,53,Female,Kolkata,No
CUST101401,28,Female,Kolkata,No
CUST101402,30,Male,Pune,No
CUST101405,24,Female,Jaipur,No
CUST101406,32,Female,Chennai,No
CUST101407,54,Male,Hyderabad,Yes
CUST101411,41,Female,Noida,No
CUST101413,51,Female,Pune,No
CUST101414,42,Male,Bangalore,No
CUST101415,50,Female,Mumbai,No
CUST101416,44,Female,Kolkata,No
CUST101418,54,Male,Bangalore,No
CUST101420,57,Male,Chennai,Yes
CUST101422,42,Male,Pune,No
CUST101423,46,Female,Mumbai,Yes
CUST101424,28,Male,Kolkata,No
CUST101425,52,Male,Mumbai,No
CUST101426,46,Male,Kolkata,Yes
CUST101427,55,Female,Hyderabad,No
CUST101429,51,Male,Chennai,No
CUST101430,37,Female,Kochi,No
CUST101432,25,Male,Indore,No
CUST101433,41,Male,Bangalore,No
CUST101435,22,Female,Delhi,No
CUST101436,35,Female,Chennai,Yes
CUST101437,45,Male,Jaipur,No
CUST101438,31,Male,Surat,No
CUST101442,57,Female,Delhi,No
CUST101444,23,Female,Mumbai,No
CUST101445,19,Female,Mumbai,Yes
CUST101446,57,Male,Patna,No
CUST101447,58,Female,Bhubaneswar,No
CUST101448,49,Female,Pune,Yes
CUST101449,22,Male,Chennai,No
CUST101451,19,Male,Bangalore,Yes
CUST101452,20,Female,Chennai,No
CUST101453,28,Female,Hyderabad,No
CUST101454,42,Female,Kochi,No
CUST101455,20,Male,Patna,Yes
CUST101456,59,Female,Ahmedabad,Yes
CUST101458,29,Male,Kolkata,No
CUST101459,39,Male,Bangalore,No
CUST101460,51,Female,Nagpur,No
CUST101461,31,Male,Mumbai,Yes
CUST101462,19,Male,Delhi,Yes
CUST101463,20,Female,Lucknow,Yes
CUST101464,53,Male,Kolkata,No
CUST101465,22,Male,Surat,Yes
CUST101466,44,Male,Delhi,Yes
CUST101467,34,Male,Indore,No
CUST101468,50,Female,Delhi,No
CUST101469,20,Male,Delhi,Yes
CUST101470,55,Male,Kolkata,No
CUST101472,36,Female,Pune,Yes
CUST101473,26,Female,Delhi,Yes
CUST101474,59,Female,Delhi,No
CUST101475,30,Female,Chandigarh,No
CUST101476,38,Male,Bangalore,No
CUST101477,34,Female,Ahmedabad,No
CUST101479,35,Male,Delhi,No
CUST101481,18,Male,Bangalore,No
CUST101482,30,Female,Chennai,No
CUST101483,22,Female,Delhi,No
CUST101484,35,Female,Surat,No
CUST101485,54,Male,Pune,Yes
CUST101487,18,Male,Bhubaneswar,No
CUST101488,22,Female,Hyderabad,No
CUST101489,39,Female,Kochi,No
CUST101490,29,Female,Chandigarh,No
CUST101492,19,Female,Kochi,No
CUST101494,35,Male,Mumbai,Yes
CUST101496,41,Male,Indore,Yes
CUST101499,53,Male,Bhubaneswar,Yes
CUST101501,28,Male,Kolkata,No
CUST101502,27,Female,Kolkata,No
CUST101503,31,Female,Mumbai,Yes
CUST101504,43,Female,Chandigarh,No
CUST101505,28,Female,Delhi,No
CUST101507,38,Female,Surat,Yes
CUST101509,46,Female,Lucknow,Yes
CUST101510,32,Male,Mumbai,No
CUST101511,27,Male,Surat,No
CUST101512,49,Female,Bhubaneswar,Yes
CUST101513,31,Female,Mumbai,No
CUST101514,28,Male,Lucknow,Yes
CUST101515,57,Female,Kolkata,No
CUST101516,38,Male,Kolkata,No
CUST101517,20,Female,Lucknow,No
CUST101518,38,Male,Kolkata,Yes
CUST101519,37,Male,Pune,Yes
CUST101520,54,Male,Bangalore,No
CUST101521,47,Male,Chennai,No
CUST101522,26,Male,Nagpur,Yes
CUST101523,24,Male,Mumbai,No
CUST101524,43,Male,Pune,Yes
CUST101525,19,Male,Bangalore,No
CUST101526,31,Female,Surat,No
CUST101527,23,Male,Pune,Yes
CUST101528,18,Female,Chennai,No
CUST101529,56,Female,Bangalore,Yes
CUST101531,18,Female,Bhubaneswar,No
CUST101533,25,Male,Kolkata,No
CUST101535,19,Female,Chennai,No
CUST101538,47,Female,Mumbai,No
CUST101539,44,Male,Lucknow,Yes
CUST101540,37,Male,Nagpur,No
CUST101542,21,Female,Nagpur,No
CUST101543,41,Male,Kolkata,No
CUST101545,42,Female,Ahmedabad,Yes
CUST101546,46,Female,Bhubaneswar,No
CUST101548,38,Female,Kolkata,No
CUST101549,18,Male,Lucknow,Yes
CUST101550,29,Male,Gurgaon,No
CUST101551,53,Female,Patna,Yes
CUST101552,40,Male,Noida,No
CUST101553,44,Male,Chennai,Yes
CUST101554,37,Male,Hyderabad,Yes
CUST101555,24,Male,Kolkata,Yes
CUST101556,55,Male,Hyderabad,No
CUST101559,53,Male,Kolkata,No
CUST101560,30,Female,Hyderabad,No
CUST101561,28,Female,Ahmedabad,Yes
CUST101562,28,Male,Kolkata,Yes
CUST101563,56,Female,Mumbai,No
CUST101564,41,Female,Nagpur,No
CUST101565,37,Female,Hyderabad,No
CUST101566,58,Male,Chennai,Yes
CUST101567,43,Male,Bangalore,No
CUST101568,56,Male,Pune,Yes
CUST101569,59,Female,Lucknow,No
CUST101570,21,Female,Nagpur,Yes
CUST101571,33,Female,Delhi,No
CUST101572,48,Female,Visakhapatnam,No
CUST101573,52,Female,Lucknow,No
CUST101574,24,Female,Hyderabad,Yes
CUST101575,31,Male,Bangalore,No
CUST101576,41,Female,Hyderabad,Yes
CUST101578,22,Male,Hyderabad,Yes
CUST101579,43,Male,Kolkata,Yes
CUST101581,27,Male,Nagpur,Yes
CUST101583,35,Male,Noida,No
CUST101584,44,Male,Mumbai,No
CUST101585,31,Male,Nagpur,No
CUST101586,52,Female,Hyderabad,No
CUST101587,21,Female,Mumbai,No
CUST101588,54,Male,Visakhapatnam,No
CUST101589,19,Male,Bangalore,Yes
CUST101590,48,Male,Mumbai,No
CUST101591,32,Male,Pune,Yes
CUST101592,34,Female,Hyderabad,No
CUST101593,18,Female,Mumbai,No
CUST101594,47,Female,Pune,No
CUST101595,24,Male,Noida,No
CUST101598,53,Male,Pune,No
CUST101599,47,Female,Indore,No
CUST101600,30,Female,Mumbai,No
CUST101601,49,Female,Bangalore,Yes
CUST101602,52,Female,Delhi,No
CUST101604,23,Female,Bangalore,Yes
CUST101605,55,Male,Chandigarh,No
CUST101609,23,Male,Bangalore,No
CUST101610,50,Male,Delhi,No
CUST101611,24,Female,Noida,No
CUST101612,46,Female,Chennai,No
CUST101613,47,Female,Bhubaneswar,Yes
CUST101614,20,Male,Kolkata,Yes
CUST101615,25,Female,Mumbai,No
CUST101616,51,Male,Chennai,Yes
CUST101617,39,Male,Bangalore,Yes
CUST101618,23,Male,Nagpur,No
CUST101619,59,Male,Lucknow,No
CUST101621,18,Female,Kolkata,No
CUST101622,56,Female,Jaipur,No
CUST101623,18,Female,Gurgaon,No
CUST101624,41,Male,Delhi,No
CUST101625,59,Female,Delhi,No
CUST101627,42,Male,Chennai,No
CUST101628,34,Female,Kolkata,No
CUST101629,23,Male,Mumbai,No
CUST101630,42,Male,Chennai,No
CUST101631,55,Male,Chennai,No
CUST101632,21,Male,Mumbai,Yes
CUST101634,35,Male,Pune,No
CUST101635,40,Male,Chennai,Yes
CUST101636,24,Female,Kolkata,No
CUST101638,25,Male,Surat,No
CUST101639,29,Male,Pune,Yes
CUST101640,48,Female,Kolkata,No
CUST101641,20,Female,Kochi,Yes
CUST101642,36,Female,Surat,No
CUST101643,42,Male,Indore,Yes
CUST101644,23,Male,Bangalore,No
CUST101645,30,Female,Mumbai,No
CUST101646,32,Male,Lucknow,No
CUST101647,45,Female,Kolkata,No
CUST101648,59,Female,Jaipur,Yes
CUST101649,53,Male,Noida,No
CUST101650,25,Female,Hyderabad,No
CUST101651,18,Female,Hyderabad,No
CUST101652,20,Male,Kolkata,Yes
CUST101653,43,Male,Hyderabad,No
CUST101654,24,Male,Jaipur,No
CUST101655,27,Female,Noida,No
CUST101656,53,Male,Kolkata,No
CUST101657,54,Male,Chandigarh,Yes
CUST101658,53,Female,Kolkata,No
CUST101659,28,Male,Lucknow,No
CUST101660,44,Male,Bangalore,No
CUST101662,25,Male,Lucknow,Yes
CUST101663,41,Male,Bangalore,No
CUST101664,40,Male,Pune,Yes
CUST101665,34,Male,Surat,No
CUST101667,46,Female,Chandigarh,No
CUST101669,48,Male,Nagpur,No
CUST101670,50,Female,Chennai,Yes
CUST101672,29,Female,Visakhapatnam,No
CUST101674,48,Female,Mumbai,No
CUST101675,59,Female,Delhi,Yes
CUST101676,24,Male,Gurgaon,No
CUST101678,56,Male,Bangalore,No
CUST101679,39,Male,Hyderabad,No
CUST101680,57,Female,Noida,No
CUST101681,18,Male,Kolkata,Yes
CUST101682,19,Male,Nagpur,No
CUST101683,51,Male,Chandigarh,Yes
CUST101684,33,Male,Visakhapatnam,Yes
CUST101685,39,Female,Kochi,Yes
CUST101686,35,Female,Bangalore,No
CUST101687,35,Male,Jaipur,No
CUST101688,57,Male,Delhi,Yes
CUST101689,21,Male,Visakhapatnam,Yes
CUST101690,50,Male,Bangalore,No
CUST101691,55,Female,Jaipur,Yes
CUST101693,34,Male,Mumbai,Yes
CUST101694,24,Male,Surat,No
CUST101695,46,Female,Delhi,No
CUST101698,33,Male,Chennai,Yes
CUST101699,58,Male,Pune,Yes
CUST101701,25,Male,Hyderabad,Yes
CUST101702,46,Male,Pune,No
CUST101703,26,Female,Nagpur,Yes
CUST101706,59,Male,Patna,No
CUST101707,56,Male,Delhi,No
CUST101709,26,Male,Pune,No
CUST101712,54,Female,Mumbai,No
CUST101713,48,Female,Noida,No
CUST101714,45,Male,Mumbai,Yes
CUST101715,54,Male,Kolkata,No
CUST101716,45,Female,Chandigarh,Yes
CUST101717,33,Male,Ahmedabad,Yes
CUST101719,39,Male,Hyderabad,Yes
CUST101720,21,Male,Bhubaneswar,No
CUST101721,49,Male,Chennai,No
CUST101722,45,Female,Delhi,No
CUST101723,48,Female,Bangalore,No
CUST101724,40,Female,Hyderabad,No
CUST101725,50,Female,Visakhapatnam,No
CUST101726,57,Male,Hyderabad,Yes
CUST101727,41,Female,Delhi,Yes
CUST101728,36,Male,Kolkata,No
CUST101729,22,Male,Delhi,No
CUST101730,50,Female,Hyderabad,Yes
CUST101731,55,Male,Visakhapatnam,No
CUST101732,47,Male,Lucknow,No
CUST101733,54,Male,Delhi,Yes
CUST101734,54,Male,Chennai,Yes
CUST101735,51,Male,Mumbai,No
CUST101736,39,Female,Mumbai,Yes
CUST101737,22,Female,Pune,Yes
CUST101738,18,Male,Kolkata,No
CUST101739,26,Female,Chandigarh,No
CUST101740,36,Male,Kochi,No
CUST101741,49,Female,Bangalore,No
CUST101742,37,Male,Patna,No
CUST101743,18,Male,Kolkata,No
CUST101744,26,Male,Bangalore,No
CUST101746,59,Female,Delhi,No
CUST101747,33,Female,Pune,No
CUST101748,51,Female,Chandigarh,No
CUST101750,57,Male,Nagpur,No
CUST101751,55,Male,Bangalore,No
CUST101752,44,Male,Surat,No
CUST101754,44,Male,Mumbai,No
CUST101755,31,Male,Chennai,No
CUST101757,43,Male,Mumbai,No
CUST101758,41,Female,Nagpur,Yes
CUST101759,42,Female,Bangalore,Yes
CUST101760,34,Male,Kolkata,No
CUST101761,35,Male,Hyderabad,Yes
CUST101762,18,Female,Mumbai,No
CUST101763,43,Female,Bhubaneswar,Yes
CUST101765,57,Male,Lucknow,No
CUST101766,39,Female,Pune,Yes
CUST101767,37,Female,Kolkata,No
CUST101768,20,Male,Pune,No
CUST101769,26,Male,Kochi,Yes
CUST101770,32,Female,Lucknow,No
CUST101772,33,Female,Ahmedabad,No
CUST101773,34,Male,Pune,No
CUST101774,50,Male,Chennai,No
CUST101777,24,Female,Noida,No
CUST101778,30,Male,Bhubaneswar,No
CUST101780,19,Male,Indore,Yes
CUST101781,32,Female,Pune,No
CUST101782,18,Female,Noida,No
CUST101783,58,Female,Mumbai,Yes
CUST101784,48,Male,Kolkata,No
CUST101785,28,Female,Bangalore,No
CUST101786,26,Female,Delhi,Yes
CUST101787,22,Female,Bhubaneswar,No
CUST101788,37,Male,Nagpur,Yes
CUST101789,49,Male,Kolkata,No
CUST101790,42,Male,Bangalore,Yes
CUST101791,55,Female,Lucknow,Yes
CUST101794,38,Female,Visakhapatnam,Yes
CUST101796,58,Male,Bangalore,Yes
CUST101797,25,Male,Bangalore,Yes
CUST101798,38,Female,Mumbai,Yes
CUST101799,39,Female,Chennai,No
CUST101801,37,Female,Mumbai,No
CUST101802,37,Female,Hyderabad,No
CUST101803,28,Female,Mumbai,No
CUST101804,23,Female,Chandigarh,Yes
CUST101807,38,Male,Bangalore,Yes
CUST101808,21,Male,Mumbai,No
CUST101810,28,Female,Lucknow,Yes
CUST101811,45,Male,Bangalore,No
CUST101812,46,Male,Kolkata,No
CUST101814,55,Male,Visakhapatnam,No
CUST101815,22,Male,Mumbai,Yes
CUST101816,27,Female,Chennai,Yes
CUST101817,28,Female,Surat,Yes
CUST101818,23,Male,Bangalore,No
CUST101819,30,Female,Bangalore,No
CUST101820,31,Female,Indore,No
CUST101821,50,Male,Hyderabad,No
CUST101823,54,Male,Chennai,No
CUST101824,50,Male,Delhi,No
CUST101825,55,Female,Kochi,Yes
CUST101826,22,Male,Ahmedabad,No
CUST101827,59,Female,Pune,No
CUST101828,43,Female,Bangalore,No
CUST101829,59,Female,Lucknow,No
CUST101830,32,Female,Jaipur,No
CUST101831,58,Female,Delhi,Yes
CUST101832,42,Female,Nagpur,No
CUST101833,21,Male,Pune,No
CUST101834,35,Male,Gurgaon,No
CUST101835,23,Female,Bangalore,Yes
CUST101837,30,Male,Lucknow,No
CUST101838,27,Male,Gurgaon,No
CUST101839,41,Female,Chennai,No
CUST101840,35,Male,Delhi,No
CUST101841,22,Male,Indore,Yes
CUST101842,52,Male,Bangalore,Yes
CUST101843,53,Male,Hyderabad,No
CUST101846,34,Female,Delhi,No
CUST101847,40,Female,Delhi,No
CUST101848,39,Male,Patna,No
CUST101849,24,Female,Hyderabad,Yes
CUST101851,28,Female,Visakhapatnam,No
CUST101852,37,Male,Jaipur,No
CUST101853,24,Male,Kolkata,Yes
CUST101854,22,Female,Kolkata,Yes
CUST101855,53,Female,Chennai,Yes
CUST101856,33,Female,Pune,No
CUST101858,40,Male,Gurgaon,No
CUST101859,48,Female,Chennai,No
CUST101860,49,Male,Hyderabad,Yes
CUST101861,30,Female,Nagpur,No
CUST101863,33,Male,Surat,No
CUST101864,53,Female,Bangalore,Yes
CUST101865,35,Female,Chandigarh,No
CUST101866,22,Female,Indore,Yes
CUST101867,49,Male,Kolkata,No
CUST101868,19,Male,Bangalore,Yes
CUST101869,50,Female,Surat,No
CUST101870,19,Male,Chennai,Yes
CUST101871,26,Male,Hyderabad,No
CUST101872,43,Female,Kolkata,No
CUST101873,57,Male,Chennai,Yes
CUST101874,35,Female,Jaipur,Yes
CUST101875,23,Male,Mumbai,No
CUST101877,55,Female,Kochi,No
CUST101878,48,Female,Delhi,Yes
CUST101879,22,Female,Kolkata,No
CUST101881,29,Female,Kochi,Yes
CUST101882,25,Female,Pune,No
CUST101884,43,Female,Bangalore,Yes
CUST101885,25,Female,Hyderabad,No
CUST101886,45,Female,Patna,No
CUST101887,35,Female,Nagpur,No
CUST101888,20,Male,Pune,Yes
CUST101889,36,Male,Kolkata,No
CUST101891,28,Male,Delhi,No
CUST101892,54,Female,Kochi,Yes
CUST101893,47,Female,Indore,No
CUST101895,53,Female,Hyderabad,No
CUST101896,42,Female,Hyderabad,No
CUST101898,49,Male,Chandigarh,No
CUST101899,32,Female,Pune,No
CUST101900,40,Male,Bangalore,Yes
CUST101901,40,Female,Pune,Yes
CUST101902,48,Male,Visakhapatnam,No
CUST101904,31,Female,Kolkata,No
CUST101905,28,Female,Kolkata,No
CUST101906,30,Male,Mumbai,No
CUST101907,24,Female,Kolkata,No
CUST101908,19,Female,Pune,Yes
CUST101909,57,Male,Mumbai,No
CUST101911,55,Female,Surat,No
CUST101912,18,Female,Hyderabad,No
CUST101913,50,Female,Ahmedabad,Yes
CUST101914,31,Female,Pune,No
CUST101915,39,Female,Surat,Yes
CUST101916,29,Female,Chandigarh,No
CUST101917,38,Male,Surat,No
CUST101918,36,Female,Pune,Yes
CUST101919,40,Female,Chennai,No
CUST101921,40,Female,Chennai,No
CUST101922,52,Male,Chennai,No
CUST101924,33,Male,Chennai,Yes
CUST101925,23,Male,Chennai,No
CUST101926,33,Male,Delhi,No
CUST101927,23,Male,Hyderabad,Yes
CUST101928,25,Female,Noida,No
CUST101930,21,Male,Indore,Yes
CUST101931,38,Male,Pune,No
CUST101932,53,Male,Surat,No
CUST101933,58,Male,Gurgaon,Yes
CUST101934,24,Female,Mumbai,No
CUST101935,24,Female,Visakhapatnam,Yes
CUST101936,33,Male,Delhi,Yes
CUST101937,41,Female,Pune,Yes
CUST101938,58,Male,Gurgaon,No
CUST101939,26,Male,Hyderabad,No
CUST101940,24,Female,Pune,No
CUST101941,28,Female,Chennai,Yes
CUST101942,54,Female,Delhi,No
CUST101944,33,Male,Mumbai,Yes
CUST101947,56,Female,Kolkata,Yes
CUST101948,18,Male,Kolkata,No
CUST101949,31,Female,Lucknow,No
CUST101950,56,Female,Delhi,Yes
CUST101951,43,Female,Hyderabad,No
CUST101952,21,Male,Gurgaon,No
CUST101953,37,Male,Kochi,No
CUST101955,34,Female,Delhi,No
CUST101956,40,Male,Gurgaon,No
CUST101957,40,Female,Nagpur,Yes
CUST101959,25,Male,Bangalore,No
CUST101960,53,Female,Delhi,No
CUST101961,59,Male,Pune,No
CUST101962,23,Female,Kochi,Yes
CUST101963,52,Male,Jaipur,No
CUST101964,52,Female,Hyderabad,Yes
CUST101965,49,Female,Ahmedabad,Yes
CUST101966,33,Female,Surat,No
CUST101967,37,Male,Kolkata,No
CUST101968,53,Female,Indore,Yes
CUST101970,52,Female,Hyderabad,No
CUST101971,56,Male,Pune,Yes
CUST101972,46,Male,Kolkata,No
CUST101973,32,Male,Visakhapatnam,No
CUST101974,41,Male,Kolkata,No
CUST101975,20,Male,Chennai,Yes
CUST101976,57,Female,Chennai,No
CUST101977,32,Male,Pune,No
CUST101978,20,Female,Hyderabad,Yes
CUST101983,49,Female,Delhi,No
CUST101984,44,Female,Ahmedabad,No
CUST101985,51,Female,Kolkata,No
CUST101988,26,Female,Noida,No
CUST101989,56,Male,Surat,No
CUST101990,40,Female,Chennai,Yes
CUST101991,36,Male,Hyderabad,No
CUST101993,44,Male,Pune,Yes
CUST101994,49,Male,Ahmedabad,No
CUST101995,18,Female,Pune,No
CUST101996,41,Female,Gurgaon,Yes
CUST101997,59,Female,Bangalore,Yes
CUST101998,29,Female,Pune,No
CUST101999,29,Male,Mumbai,No
CUST102000,54,Male,Chennai,No
CUST102002,34,Male,Kolkata,Yes
CUST102003,37,Male,Chennai,Yes
CUST102004,51,Female,Nagpur,Yes
CUST102006,36,Male,Kolkata,No
CUST102007,24,Male,Bhubaneswar,No
CUST102009,44,Male,Gurgaon,Yes
CUST102011,34,Male,Hyderabad,No
CUST102012,24,Female,Hyderabad,Yes
CUST102013,56,Female,Mumbai,Yes
CUST102014,45,Female,Kolkata,No
CUST102015,31,Female,Bangalore,Yes
CUST102016,35,Male,Ahmedabad,No
CUST102017,48,Male,Bangalore,No
CUST102018,48,Male,Mumbai,Yes
CUST102019,37,Female,Bhubaneswar,No
CUST102020,30,Female,Ahmedabad,Yes
CUST102021,45,Male,Patna,Yes
CUST102022,45,Male,Kolkata,Yes
CUST102023,43,Female,Delhi,No
CUST102024,21,Female,Pune,Yes
CUST102025,37,Female,Pune,Yes
CUST102026,43,Female,Delhi,No
CUST102027,57,Female,Nagpur,Yes
CUST102028,40,Female,Pune,No
CUST102032,21,Female,Bangalore,No
CUST102035,53,Male,Mumbai,No
CUST102036,42,Female,Delhi,No
CUST102037,19,Male,Ahmedabad,No
CUST102038,59,Female,Visakhapatnam,No
CUST102040,30,Male,Lucknow,Yes
CUST102041,55,Male,Visakhapatnam,No
CUST102042,49,Female,Chandigarh,No
CUST102043,49,Male,Hyderabad,No
CUST102044,29,Male,Pune,No
CUST102045,59,Female,Delhi,No
CUST102046,37,Male,Bangalore,No
CUST102047,40,Male,Chennai,No
CUST102048,49,Male,Bangalore,No
CUST102049,45,Female,Bhubaneswar,No
CUST102050,25,Male,Visakhapatnam,Yes
CUST102051,30,Male,Chennai,Yes
CUST102052,33,Male,Lucknow,No
CUST102053,57,Male,Chennai,No
CUST102054,48,Male,Mumbai,No
CUST102055,33,Male,Hyderabad,Yes
CUST102056,48,Male,Bangalore,Yes
CUST102057,49,Male,Hyderabad,No
CUST102058,34,Female,Bangalore,No
CUST102059,34,Male,Mumbai,No
CUST102060,55,Male,Bangalore,No
CUST102061,41,Female,Kochi,No
CUST102062,24,Female,Delhi,No
CUST102063,48,Female,Hyderabad,Yes
CUST102064,42,Male,Kolkata,No
CUST102065,39,Male,Hyderabad,No
CUST102066,48,Male,Kolkata,No
CUST102067,56,Male,Delhi,No
CUST102068,31,Male,Ahmedabad,Yes
CUST102069,35,Female,Pune,Yes
CUST102070,25,Male,Jaipur,No
CUST102071,45,Female,Pune,No
CUST102072,34,Male,Chennai,Yes
CUST102073,32,Male,Hyderabad,No
CUST102074,47,Female,Bangalore,Yes
CUST102075,35,Female,Kolkata,No
CUST102076,37,Male,Delhi,No
CUST102077,36,Female,Hyderabad,Yes
CUST102078,28,Male,Jaipur,No
CUST102079,23,Male,Mumbai,No
CUST102080,52,Female,Delhi,No
CUST102081,21,Male,Ahmedabad,Yes
CUST102082,31,Male,Chennai,Yes
CUST102083,46,Male,Indore,No
CUST102084,23,Male,Patna,No
CUST102086,48,Male,Chennai,No
CUST102087,45,Female,Bangalore,No
CUST102088,30,Female,Pune,Yes
CUST102089,18,Male,Pune,No
CUST102090,55,Male,Pune,No
CUST102091,31,Female,Hyderabad,Yes
CUST102092,51,Male,Delhi,Yes
CUST102093,26,Female,Bangalore,No
CUST102094,24,Female,Mumbai,No
CUST102095,50,Male,Mumbai,No
CUST102096,57,Male,Patna,Yes
CUST102097,54,Male,Delhi,No
CUST102098,49,Male,Pune,Yes
CUST102099,28,Male,Bhubaneswar,Yes
CUST102100,56,Female,Chennai,No
CUST102101,46,Male,Kolkata,No
CUST102103,23,Female,Hyderabad,No
CUST102105,29,Male,Indore,Yes
CUST102106,50,Male,Noida,No
CUST102107,23,Female,Indore,No
CUST102108,29,Male,Visakhapatnam,No
CUST102109,29,Female,Chennai,No
CUST102111,46,Female,Pune,Yes
CUST102112,56,Female,Jaipur,No
CUST102114,49,Female,Noida,Yes
CUST102115,26,Female,Nagpur,No
CUST102116,58,Female,Hyderabad,No
CUST102117,40,Female,Ahmedabad,No
CUST102118,40,Female,Hyderabad,No
CUST102119,47,Male,Pune,Yes
CUST102121,58,Male,Gurgaon,Yes
CUST102122,42,Female,Chennai,Yes
CUST102123,43,Male,Kolkata,Yes
CUST102126,30,Female,Bangalore,Yes
CUST102127,44,Male,Kochi,No
CUST102128,20,Female,Hyderabad,Yes
CUST102129,31,Female,Visakhapatnam,No
CUST102130,48,Female,Bangalore,No
CUST102131,58,Female,Chandigarh,Yes
CUST102133,34,Female,Lucknow,No
CUST102135,46,Female,Lucknow,Yes
CUST102136,40,Male,Kochi,No
CUST102138,40,Female,Delhi,No
CUST102139,34,Male,Hyderabad,Yes
CUST102140,47,Male,Lucknow,Yes
CUST102142,58,Female,Pune,No
CUST102143,43,Male,Pune,Yes
CUST102146,25,Male,Chandigarh,Yes
CUST102147,57,Female,Lucknow,Yes
CUST102148,53,Male,Lucknow,No
CUST102149,53,Male,Kochi,No
CUST102150,31,Male,Pune,No
CUST102151,31,Male,Bhubaneswar,No
CUST102152,53,Male,Mumbai,Yes
CUST102153,40,Female,Ahmedabad,No
CUST102154,47,Male,Chandigarh,No
CUST102155,38,Male,Kolkata,No
CUST102156,36,Male,Hyderabad,No
CUST102157,44,Male,Pune,No
CUST102159,32,Male,Kochi,No
CUST102160,51,Female,Hyderabad,Yes
CUST102162,34,Male,Pune,No
CUST102164,58,Male,Mumbai,Yes
CUST102165,56,Female,Pune,No
CUST102166,31,Male,Kolkata,No
CUST102167,53,Male,Mumbai,No
CUST102168,57,Female,Pune,No
CUST102169,59,Female,Pune,Yes
CUST102171,49,Female,Chennai,Yes
CUST102172,59,Female,Bangalore,No
CUST102173,50,Female,Bhubaneswar,Yes
CUST102174,27,Female,Pune,Yes
CUST102175,50,Male,Delhi,No
CUST102176,22,Female,Indore,Yes
CUST102178,44,Female,Gurgaon,Yes
CUST102179,37,Female,Lucknow,No
CUST102180,47,Male,Bhubaneswar,No
CUST102181,28,Female,Bhubaneswar,No
CUST102183,45,Male,Noida,Yes
CUST102184,44,Female,Hyderabad,Yes
CUST102185,30,Female,Pune,Yes
CUST102186,30,Female,Pune,No
CUST102187,28,Male,Delhi,No
CUST102188,37,Male,Delhi,Yes
CUST102189,42,Female,Delhi,Yes
CUST102190,33,Male,Mumbai,No
CUST102191,35,Male,Bangalore,Yes
CUST102192,30,Male,Kochi,Yes
CUST102193,27,Male,Kolkata,No
CUST102194,45,Female,Gurgaon,Yes
CUST102195,52,Female,Surat,No
CUST102196,30,Female,Chandigarh,Yes
CUST102197,54,Female,Chennai,No
CUST102198,41,Male,Nagpur,No
CUST102199,25,Male,Chandigarh,No
CUST102200,33,Male,Chandigarh,No
CUST102201,18,Male,Kochi,No
CUST102202,19,Male,Pune,No
CUST102203,32,Male,Kolkata,No
CUST102204,37,Male,Kochi,No
CUST102205,51,Male,Kolkata,No
CUST102206,23,Female,Indore,No
CUST102207,53,Female,Delhi,Yes
CUST102209,23,Female,Kolkata,No
CUST102211,50,Male,Visakhapatnam,No
CUST102212,43,Female,Delhi,Yes
CUST102214,22,Male,Bangalore,No
CUST102215,34,Male,Bhubaneswar,No
CUST102216,36,Male,Chennai,No
CUST102217,59,Male,Delhi,Yes
CUST102218,30,Female,Delhi,Yes
CUST102219,26,Female,Pune,No
CUST102220,57,Female,Visakhapatnam,No
CUST102221,24,Female,Visakhapatnam,No
CUST102223,35,Male,Kolkata,No
CUST102224,34,Female,Mumbai,No
CUST102225,44,Female,Kolkata,No
CUST102226,54,Male,Pune,No
CUST102227,57,Male,Bangalore,Yes
CUST102228,30,Female,Pune,Yes
CUST102229,59,Female,Kochi,No
CUST102230,44,Male,Delhi,No
CUST102231,20,Female,Bangalore,No
CUST102232,57,Male,Bangalore,No
CUST102234,42,Male,Mumbai,No
CUST102236,28,Female,Mumbai,No
CUST102237,29,Male,Chandigarh,Yes
CUST102240,27,Female,Jaipur,Yes
CUST102241,45,Female,Bangalore,Yes
CUST102242,37,Female,Delhi,Yes
CUST102243,22,Female,Bangalore,No
CUST102244,47,Female,Bhubaneswar,Yes
CUST102245,52,Male,Bhubaneswar,No
CUST102246,42,Female,Chennai,Yes
CUST102247,25,Female,Hyderabad,No
CUST102249,35,Male,Hyderabad,No
CUST102250,39,Male,Visakhapatnam,No
CUST102251,41,Male,Bangalore,No
CUST102252,28,Male,Chennai,No
CUST102253,39,Male,Chennai,Yes
CUST102255,46,Male,Chennai,Yes
CUST102257,45,Male,Mumbai,No
CUST102258,18,Female,Pune,No
CUST102259,59,Male,Chennai,No
CUST102260,18,Male,Mumbai,No
CUST102261,59,Male,Delhi,No
CUST102263,39,Male,Delhi,Yes
CUST102264,22,Female,Chennai,Yes
CUST102265,21,Male,Indore,No
CUST102266,46,Female,Chandigarh,No
CUST102267,48,Male,Bhubaneswar,Yes
CUST102268,22,Female,Chennai,No
CUST102269,59,Male,Lucknow,Yes
CUST102270,31,Male,Jaipur,No
CUST102271,31,Male,Bangalore,No
CUST102272,30,Male,Hyderabad,No
CUST102273,37,Male,Kolkata,No
CUST102274,25,Female,Gurgaon,Yes
CUST102275,35,Male,Kolkata,Yes
CUST102276,26,Male,Bangalore,No
CUST102278,33,Male,Mumbai,Yes
CUST102279,46,Male,Bhubaneswar,No
CUST102280,50,Female,Indore,No
CUST102281,32,Female,Surat,No
CUST102282,31,Female,Gurgaon,No
CUST102283,51,Male,Bangalore,No
CUST102284,46,Female,Ahmedabad,Yes
CUST102287,52,Female,Hyderabad,No
CUST102288,57,Female,Bangalore,No
CUST102290,34,Male,Kolkata,Yes
CUST102291,31,Female,Pune,No
CUST102292,27,Male,Surat,No
CUST102293,49,Female,Noida,No
CUST102294,48,Female,Jaipur,Yes
CUST102296,25,Male,Kolkata,No
CUST102298,27,Male,Bangalore,No
CUST102299,55,Male,Delhi,No
CUST102300,29,Male,Hyderabad,Yes
CUST102303,54,Female,Delhi,No
CUST102304,56,Male,Hyderabad,No
CUST102305,22,Female,Delhi,No
CUST102306,31,Female,Ahmedabad,No
CUST102307,24,Female,Pune,Yes
CUST102308,30,Female,Hyderabad,No
CUST102309,40,Female,Mumbai,Yes
CUST102310,29,Male,Bhubaneswar,Yes
CUST102312,39,Female,Jaipur,No
CUST102313,20,Male,Kolkata,No
CUST102314,27,Male,Indore,No
CUST102316,21,Male,Chennai,No
CUST102317,36,Female,Lucknow,No
CUST102318,53,Female,Bangalore,No
CUST102319,50,Male,Ahmedabad,No
CUST102320,22,Male,Chennai,No
CUST102321,19,Female,Delhi,No
CUST102323,45,Female,Nagpur,No
CUST102324,49,Male,Hyderabad,Yes
CUST102325,52,Female,Visakhapatnam,Yes
CUST102327,25,Female,Kolkata,Yes
CUST102328,19,Male,Surat,No
CUST102329,24,Female,Hyderabad,No
CUST102330,20,Female,Kolkata,No
CUST102331,54,Female,Jaipur,No
CUST102332,29,Male,Mumbai,No
CUST102333,52,Male,Chennai,Yes
CUST102334,41,Male,Hyderabad,Yes
CUST102335,40,Male,Jaipur,No
CUST102336,37,Male,Mumbai,No
CUST102338,19,Male,Lucknow,Yes
CUST102339,21,Male,Mumbai,No
CUST102340,35,Male,Chennai,No
CUST102341,34,Male,Lucknow,No
CUST102343,48,Female,Mumbai,No
CUST102344,42,Male,Surat,No
CUST102345,28,Female,Chandigarh,No
CUST102346,31,Male,Hyderabad,No
CUST102347,49,Male,Noida,No
CUST102348,26,Female,Chandigarh,No
CUST102349,39,Male,Pune,No
CUST102350,40,Male,Pune,Yes
CUST102351,49,Female,Chandigarh,No
CUST102352,48,Female,Visakhapatnam,No
CUST102353,37,Female,Pune,No
CUST102354,30,Male,Indore,No
CUST102355,33,Female,Noida,No
CUST102358,44,Male,Bangalore,No
CUST102360,45,Male,Pune,No
CUST102362,58,Female,Pune,Yes
CUST102363,22,Male,Gurgaon,No
CUST102364,49,Male,Patna,Yes
CUST102365,21,Male,Chennai,Yes
CUST102366,32,Male,Chandigarh,No
CUST102367,25,Male,Bangalore,No
CUST102368,24,Male,Kolkata,No
CUST102369,25,Male,Delhi,No
CUST102370,19,Female,Kolkata,Yes
CUST102371,52,Male,Pune,Yes
CUST102373,34,Male,Ahmedabad,Yes
CUST102374,47,Male,Hyderabad,No
CUST102376,53,Male,Mumbai,No
CUST102377,23,Male,Visakhapatnam,Yes
CUST102379,45,Female,Hyderabad,Yes
CUST102380,25,Male,Bangalore,No
CUST102381,36,Male,Chennai,No
CUST102382,56,Female,Lucknow,Yes
CUST102383,34,Male,Hyderabad,No
CUST102384,25,Male,Delhi,No
CUST102385,54,Male,Chennai,Yes
CUST102386,58,Male,Bangalore,No
CUST102387,58,Male,Hyderabad,No
CUST102388,58,Female,Mumbai,Yes
CUST102390,37,Female,Kolkata,No
CUST102391,26,Male,Hyderabad,No
CUST102392,43,Male,Pune,No
CUST102393,27,Male,Kolkata,No
CUST102394,37,Male,Gurgaon,No
CUST102396,57,Male,Mumbai,Yes
CUST102398,28,Male,Lucknow,No
CUST102400,18,Female,Chennai,No
CUST102401,41,Male,Hyderabad,Yes
CUST102402,49,Female,Delhi,No
CUST102404,34,Female,Pune,Yes
CUST102405,52,Male,Chennai,Yes
CUST102406,33,Male,Pune,No
CUST102407,47,Male,Delhi,No
CUST102408,37,Male,Mumbai,No
CUST102410,40,Male,Kolkata,No
CUST102411,20,Male,Gurgaon,Yes
CUST102417,28,Male,Chandigarh,Yes
CUST102418,30,Male,Hyderabad,Yes
CUST102419,35,Female,Bangalore,No
CUST102420,28,Male,Bangalore,Yes
CUST102422,22,Male,Kolkata,No
CUST102423,52,Female,Mumbai,Yes
CUST102424,32,Female,Jaipur,No
CUST102425,41,Female,Mumbai,No
CUST102426,24,Female,Delhi,Yes
CUST102428,49,Male,Bangalore,No
CUST102429,29,Female,Visakhapatnam,No
CUST102430,23,Male,Hyderabad,Yes
CUST102431,39,Male,Bangalore,No
CUST102432,24,Female,Bangalore,Yes
CUST102433,31,Female,Chennai,No
CUST102434,36,Male,Pune,Yes
CUST102436,44,Male,Chennai,Yes
CUST102437,46,Female,Pune,No
CUST102438,53,Male,Kolkata,No
CUST102439,20,Female,Surat,No
CUST102440,33,Male,Pune,Yes
CUST102442,18,Male,Lucknow,No
CUST102443,26,Female,Indore,No
CUST102444,43,Male,Kolkata,No
CUST102445,55,Male,Visakhapatnam,Yes
CUST102447,45,Male,Bangalore,Yes
CUST102448,50,Male,Gurgaon,Yes
CUST102450,53,Female,Kolkata,No
CUST102451,55,Female,Kolkata,No
CUST102452,21,Female,Surat,No
CUST102453,37,Male,Pune,Yes
CUST102454,52,Female,Kolkata,No
CUST102456,53,Male,Chennai,No
CUST102457,57,Female,Kochi,Yes
CUST102459,20,Female,Delhi,No
CUST102460,32,Female,Nagpur,No
CUST102462,37,Male,Pune,Yes
CUST102463,42,Female,Delhi,No
CUST102464,37,Male,Pune,Yes
CUST102465,26,Female,Delhi,No
CUST102466,30,Male,Hyderabad,No
CUST102467,46,Female,Pune,Yes
CUST102468,19,Female,Kochi,No
CUST102469,26,Male,Hyderabad,Yes
CUST102470,55,Male,Nagpur,Yes
CUST102471,22,Female,Patna,No
CUST102473,26,Male,Bangalore,No
CUST102474,22,Male,Lucknow,No
CUST102475,35,Male,Noida,Yes
CUST102477,25,Female,Ahmedabad,No
CUST102478,21,Male,Pune,Yes
CUST102480,45,Male,Chandigarh,No
CUST102482,25,Female,Mumbai,No
CUST102483,31,Male,Mumbai,No
CUST102484,32,Female,Patna,Yes
CUST102485,33,Female,Kochi,No
CUST102487,20,Female,Mumbai,Yes
CUST102488,40,Male,Pune,No
CUST102489,33,Male,Bangalore,No
CUST102491,29,Female,Bangalore,No
CUST102492,57,Female,Indore,No
CUST102493,43,Male,Mumbai,No
CUST102494,35,Male,Ahmedabad,No
CUST102496,51,Female,Lucknow,No
CUST102497,55,Female,Delhi,No
CUST102498,19,Female,Kochi,No
CUST102499,57,Female,Ahmedabad,No
CUST102500,47,Male,Kolkata,No
CUST102501,22,Female,Jaipur,Yes
CUST102502,49,Female,Nagpur,Yes
CUST102503,22,Male,Kolkata,No
CUST102504,20,Female,Kolkata,No
CUST102505,22,Male,Kolkata,No
CUST102506,37,Female,Delhi,No
CUST102507,44,Female,Gurgaon,Yes
CUST102508,35,Female,Mumbai,Yes
CUST102509,23,Male,Chennai,No
CUST102510,26,Male,Chennai,No
CUST102511,53,Female,Hyderabad,No
CUST102512,58,Female,Chennai,Yes
CUST102513,49,Male,Pune,No
CUST102515,52,Male,Mumbai,Yes
CUST102516,47,Female,Nagpur,Yes
CUST102517,40,Female,Bhubaneswar,No
CUST102518,24,Male,Kolkata,No
CUST102520,36,Female,Delhi,No
CUST102521,19,Female,Delhi,No
CUST102522,26,Female,Chennai,Yes
CUST102523,34,Male,Patna,No
CUST102524,20,Female,Chandigarh,No
CUST102525,31,Male,Hyderabad,No
CUST102527,57,Male,Chennai,No
CUST102528,21,Female,Hyderabad,Yes
CUST102529,42,Female,Chennai,No
CUST102530,56,Female,Bangalore,No
CUST102531,51,Female,Nagpur,Yes
CUST102532,56,Male,Chennai,No
CUST102533,25,Male,Ahmedabad,No
CUST102534,51,Male,Chennai,Yes
CUST102537,38,Female,Kolkata,No
CUST102539,38,Female,Kochi,No
CUST102540,30,Male,Pune,No
CUST102541,58,Female,Hyderabad,No
CUST102542,58,Male,Nagpur,Yes
CUST102543,33,Male,Delhi,No
CUST102544,51,Male,Hyderabad,Yes
CUST102545,34,Male,Kolkata,No
CUST102546,51,Male,Hyderabad,No
CUST102547,42,Female,Kolkata,No
CUST102548,37,Male,Bangalore,No
CUST102549,23,Male,Mumbai,No
CUST102550,45,Male,Delhi,No
CUST102551,31,Female,Mumbai,Yes
CUST102552,27,Male,Bhubaneswar,No
CUST102553,26,Male,Pune,Yes
CUST102554,59,Female,Kolkata,No
CUST102556,51,Female,Lucknow,No
CUST102557,54,Male,Mumbai,Yes
CUST102558,19,Male,Hyderabad,No
CUST102559,42,Male,Ahmedabad,No
CUST102560,42,Female,Kolkata,No
CUST102561,33,Male,Noida,No
CUST102562,46,Female,Kochi,No
CUST102563,35,Male,Indore,Yes
CUST102564,36,Female,Bangalore,No
CUST102565,36,Male,Mumbai,No
CUST102566,51,Male,Mumbai,Yes
CUST102569,56,Male,Patna,No
CUST102571,57,Female,Surat,No
CUST102573,34,Male,Indore,No
CUST102576,29,Female,Delhi,No
CUST102578,58,Female,Chennai,Yes
CUST102579,41,Female,Hyderabad,Yes
CUST102580,34,Female,Hyderabad,No
CUST102581,37,Male,Chennai,No
CUST102582,30,Female,Bhubaneswar,No
CUST102583,45,Male,Delhi,No
CUST102584,32,Female,Mumbai,No
CUST102586,33,Male,Pune,No
CUST102587,31,Male,Mumbai,No
CUST102588,58,Male,Delhi,Yes
CUST102589,32,Male,Bangalore,No
CUST102590,20,Male,Bangalore,Yes
CUST102591,33,Female,Delhi,No
CUST102592,40,Female,Bangalore,No
CUST102593,21,Female,Chandigarh,No
CUST102594,30,Male,Surat,No
CUST102595,24,Male,Kochi,No
CUST102596,39,Male,Chennai,Yes
CUST102597,48,Female,Hyderabad,No
CUST102599,34,Male,Noida,No
CUST102600,54,Male,Kolkata,No
CUST102601,27,Female,Bangalore,No
CUST102603,41,Female,Kolkata,No
CUST102604,49,Female,Pune,No
CUST102605,49,Female,Delhi,Yes
CUST102606,40,Male,Bhubaneswar,No
CUST102607,28,Male,Pune,No
CUST102608,40,Male,Pune,No
CUST102609,52,Male,Bangalore,No
CUST102610,58,Female,Noida,Yes
CUST102611,56,Male,Chandigarh,Yes
CUST102612,25,Male,Mumbai,No
CUST102613,43,Male,Pune,Yes
CUST102614,22,Female,Ahmedabad,No
CUST102615,46,Male,Surat,No
CUST102616,59,Female,Bangalore,Yes
CUST102617,20,Male,Nagpur,No
CUST102618,45,Female,Kolkata,No
CUST102619,57,Female,Mumbai,No
CUST102621,34,Male,Bangalore,No
CUST102622,22,Male,Hyderabad,No
CUST102623,56,Male,Kolkata,No
CUST102624,56,Male,Noida,No
CUST102625,42,Female,Bangalore,No
CUST102626,59,Female,Visakhapatnam,Yes
CUST102627,18,Male,Mumbai,Yes
CUST102628,43,Female,Pune,No
CUST102629,19,Male,Patna,No
CUST102630,57,Female,Surat,Yes
CUST102631,46,Male,Ahmedabad,Yes
CUST102632,56,Female,Chandigarh,No
CUST102633,41,Female,Mumbai,No
CUST102634,21,Male,Delhi,No
CUST102635,19,Male,Chennai,Yes
CUST102636,32,Male,Delhi,No
CUST102637,49,Female,Hyderabad,No
CUST102640,28,Female,Nagpur,No
CUST102641,38,Female,Indore,No
CUST102642,26,Male,Lucknow,No
CUST102645,18,Male,Ahmedabad,No
CUST102646,41,Female,Ahmedabad,No
CUST102647,51,Male,Chennai,No
CUST102649,31,Female,Kolkata,Yes
CUST102650,54,Male,Bangalore,No
CUST102651,54,Male,Hyderabad,No
CUST102652,59,Male,Chennai,No
CUST102653,33,Female,Pune,Yes
CUST102654,53,Female,Bhubaneswar,No
CUST102655,41,Male,Kolkata,Yes
CUST102657,29,Male,Indore,No
CUST102658,46,Female,Mumbai,No
CUST102659,24,Male,Ahmedabad,No
CUST102660,36,Female,Kolkata,Yes
CUST102661,50,Female,Pune,No
CUST102662,24,Male,Delhi,No
CUST102663,38,Female,Kochi,No
CUST102664,27,Female,Bhubaneswar,Yes
CUST102665,40,Male,Delhi,No
CUST102666,28,Male,Bangalore,Yes
CUST102667,58,Female,Bangalore,Yes
CUST102668,21,Female,Gurgaon,Yes
CUST102669,58,Female,Pune,Yes
CUST102670,51,Female,Mumbai,Yes
CUST102671,53,Male,Indore,No
CUST102672,53,Female,Hyderabad,Yes
CUST102673,25,Female,Kolkata,No
CUST102674,57,Male,Chennai,No
CUST102675,42,Male,Kolkata,No
CUST102677,54,Female,Hyderabad,No
CUST102678,42,Male,Chennai,Yes
CUST102679,33,Female,Kochi,No
CUST102680,22,Male,Kolkata,No
CUST102681,22,Male,Patna,No
CUST102682,34,Female,Pune,No
CUST102683,52,Male,Noida,No
CUST102684,39,Female,Hyderabad,No
CUST102685,38,Male,Gurgaon,No
CUST102687,41,Male,Delhi,No
CUST102688,44,Female,Mumbai,No
CUST102690,48,Male,Bhubaneswar,No
CUST102691,43,Male,Visakhapatnam,No
CUST102692,56,Male,Noida,Yes
CUST102693,35,Female,Mumbai,Yes
CUST102694,57,Female,Kochi,No
CUST102695,33,Male,Chandigarh,Yes
CUST102696,23,Male,Hyderabad,No
CUST102697,35,Female,Kolkata,No
CUST102698,23,Female,Jaipur,No
CUST102699,22,Female,Delhi,No
CUST102700,55,Male,Kolkata,No
CUST102701,51,Female,Chandigarh,No
CUST102702,27,Female,Bangalore,Yes
CUST102704,20,Male,Kolkata,Yes
CUST102705,29,Male,Chandigarh,No
CUST102706,47,Female,Bhubaneswar,No
CUST102707,30,Male,Surat,No
CUST102709,54,Female,Pune,No
CUST102710,20,Female,Pune,No
CUST102711,19,Female,Pune,No
CUST102712,57,Male,Delhi,No
CUST102713,39,Female,Lucknow,Yes
CUST102714,39,Male,Chandigarh,No
CUST102715,37,Female,Kolkata,Yes
CUST102716,36,Female,Nagpur,No
CUST102718,42,Female,Chennai,Yes
CUST102719,24,Male,Delhi,No
CUST102720,44,Female,Delhi,Yes
CUST102721,46,Female,Hyderabad,Yes
CUST102722,22,Female,Kolkata,Yes
CUST102723,33,Male,Mumbai,Yes
CUST102724,51,Male,Bangalore,No
CUST102725,43,Female,Bangalore,No
CUST102726,23,Male,Gurgaon,No
CUST102728,42,Female,Chennai,No
CUST102729,37,Female,Mumbai,No
CUST102730,58,Male,Mumbai,No
CUST102731,39,Female,Delhi,Yes
CUST102733,27,Male,Delhi,No
CUST102734,36,Female,Hyderabad,Yes
CUST102735,23,Male,Bhubaneswar,No
CUST102736,42,Male,Kolkata,No
CUST102738,38,Male,Mumbai,No
CUST102739,32,Female,Bangalore,No
CUST102740,25,Male,Bhubaneswar,No
CUST102741,22,Male,Chennai,No
CUST102743,57,Male,Visakhapatnam,No
CUST102744,26,Female,Pune,No
CUST102745,35,Female,Hyderabad,No
CUST102746,27,Female,Kolkata,No
CUST102747,51,Female,Delhi,No
CUST102748,35,Male,Mumbai,No
CUST102750,28,Male,Nagpur,Yes
CUST102752,42,Female,Hyderabad,No
CUST102753,45,Male,Bangalore,Yes
CUST102754,59,Female,Jaipur,No
CUST102756,55,Female,Hyderabad,No
CUST102757,44,Male,Hyderabad,No
CUST102758,33,Male,Surat,No
CUST102762,33,Female,Mumbai,Yes
CUST102763,19,Female,Chennai,No
CUST102765,40,Male,Nagpur,Yes
CUST102766,33,Male,Delhi,Yes
CUST102767,59,Female,Ahmedabad,No
CUST102768,38,Male,Kochi,No
CUST102769,58,Male,Visakhapatnam,No
CUST102772,26,Male,Delhi,No
CUST102773,47,Male,Hyderabad,No
CUST102774,40,Female,Delhi,Yes
CUST102775,30,Male,Visakhapatnam,No
CUST102776,39,Female,Kochi,No
CUST102777,55,Male,Delhi,No
CUST102778,34,Female,Delhi,No
CUST102781,57,Male,Surat,No
CUST102782,49,Male,Mumbai,Yes
CUST102783,53,Male,Gurgaon,Yes
CUST102784,56,Female,Pune,No
CUST102785,22,Female,Chennai,No
CUST102786,29,Male,Mumbai,No
CUST102787,20,Male,Visakhapatnam,Yes
CUST102788,18,Female,Pune,Yes
CUST102789,53,Female,Chennai,Yes
CUST102790,57,Male,Chennai,No
CUST102793,40,Female,Indore,No
CUST102794,20,Male,Pune,Yes
CUST102795,56,Male,Kochi,No
CUST102797,41,Female,Lucknow,Yes
CUST102798,47,Male,Chennai,No
CUST102799,34,Female,Pune,No
CUST102801,36,Female,Visakhapatnam,Yes
CUST102802,59,Male,Kolkata,No
CUST102803,20,Male,Pune,Yes
CUST102804,25,Male,Kochi,No
CUST102805,58,Female,Visakhapatnam,No
CUST102806,30,Female,Gurgaon,Yes
CUST102807,31,Male,Delhi,Yes
CUST102808,51,Female,Hyderabad,Yes
CUST102809,25,Male,Kochi,No
CUST102810,39,Male,Noida,No
CUST102811,30,Male,Chandigarh,No
CUST102812,26,Female,Jaipur,Yes
CUST102813,58,Male,Chennai,No
CUST102814,26,Male,Chennai,Yes
CUST102816,46,Female,Hyderabad,No
CUST102817,54,Male,Jaipur,No
CUST102818,23,Male,Chandigarh,Yes
CUST102819,47,Male,Surat,No
CUST102820,40,Male,Hyderabad,No
CUST102821,52,Male,Chandigarh,Yes
CUST102822,23,Female,Mumbai,Yes
CUST102823,58,Male,Mumbai,No
CUST102824,44,Female,Chennai,Yes
CUST102825,53,Male,Delhi,No
CUST102826,33,Male,Bhubaneswar,No
CUST102827,57,Male,Kochi,No
CUST102828,44,Male,Delhi,No
CUST102829,23,Male,Surat,No
CUST102830,56,Male,Kolkata,No
CUST102832,30,Female,Kochi,Yes
CUST102833,40,Male,Pune,No
CUST102835,40,Female,Delhi,Yes
CUST102836,58,Female,Kolkata,No
CUST102837,55,Male,Bhubaneswar,No
CUST102838,27,Male,Pune,Yes
CUST102839,58,Male,Chennai,No
CUST102841,47,Male,Patna,No
CUST102842,50,Female,Hyderabad,Yes
CUST102843,38,Female,Lucknow,No
CUST102844,37,Male,Lucknow,Yes
CUST102845,37,Male,Bangalore,No
CUST102846,54,Male,Delhi,No
CUST102847,34,Male,Chennai,Yes
CUST102848,29,Female,Hyderabad,No
CUST102849,33,Male,Lucknow,No
CUST102850,26,Female,Indore,No
CUST102851,34,Female,Bangalore,No
CUST102852,22,Female,Kolkata,No
CUST102854,48,Female,Bangalore,No
CUST102855,21,Male,Noida,Yes
CUST102856,41,Male,Gurgaon,No
CUST102857,50,Female,Gurgaon,No
CUST102858,48,Male,Mumbai,No
CUST102861,57,Male,Visakhapatnam,No
CUST102862,53,Male,Ahmedabad,Yes
CUST102864,21,Male,Mumbai,No
CUST102868,54,Female,Ahmedabad,No
CUST102869,26,Male,Kolkata,No
CUST102870,29,Female,Visakhapatnam,No
CUST102871,58,Male,Mumbai,Yes
CUST102874,34,Male,Kolkata,No
CUST102876,45,Female,Bangalore,Yes
CUST102877,57,Male,Bhubaneswar,No
CUST102880,19,Male,Visakhapatnam,Yes
CUST102881,27,Female,Jaipur,No
CUST102883,20,Male,Surat,No
CUST102884,32,Female,Delhi,No
CUST102885,24,Male,Surat,Yes
CUST102886,57,Female,Kolkata,No
CUST102887,20,Male,Jaipur,No
CUST102888,24,Male,Chennai,No
CUST102889,26,Female,Chennai,Yes
CUST102891,41,Female,Chennai,Yes
CUST102892,33,Female,Chennai,No
CUST102893,56,Male,Bangalore,No
CUST102894,28,Male,Bangalore,No
CUST102895,40,Male,Pune,No
CUST102896,45,Male,Hyderabad,Yes
CUST102898,51,Female,Mumbai,Yes
CUST102900,39,Male,Mumbai,Yes
CUST102905,54,Male,Kolkata,Yes
CUST102906,44,Male,Bangalore,No
CUST102907,57,Male,Kolkata,Yes
CUST102909,32,Male,Jaipur,No
CUST102910,22,Female,Chennai,No
CUST102911,21,Male,Gurgaon,No
CUST102912,37,Female,Chennai,No
CUST102913,27,Male,Bangalore,No
CUST102914,35,Male,Hyderabad,No
CUST102915,36,Male,Delhi,No
CUST102916,44,Male,Kolkata,No
CUST102917,57,Male,Surat,No
CUST102918,53,Female,Noida,No
CUST102919,33,Male,Chennai,Yes
CUST102920,31,Male,Bangalore,No
CUST102921,50,Male,Nagpur,No
CUST102924,35,Female,Surat,Yes
CUST102925,25,Female,Chennai,Yes
CUST102926,43,Female,Mumbai,No
CUST102928,25,Male,Pune,No
CUST102929,45,Female,Mumbai,No
CUST102930,25,Female,Ahmedabad,Yes
CUST102931,46,Male,Chennai,No
CUST102933,36,Male,Bangalore,No
CUST102934,51,Male,Indore,No
CUST102935,27,Male,Chennai,Yes
CUST102936,50,Female,Chandigarh,No
CUST102937,48,Female,Chennai,No
CUST102938,55,Male,Mumbai,No
CUST102939,25,Male,Chennai,No
CUST102940,48,Male,Kolkata,No
CUST102941,57,Male,Kolkata,No
CUST102942,50,Female,Indore,No
CUST102943,25,Male,Kochi,No
CUST102944,52,Male,Gurgaon,No
CUST102945,22,Male,Pune,No
CUST102946,42,Female,Pune,No
CUST102948,40,Female,Hyderabad,No
CUST102949,39,Male,Indore,Yes
CUST102950,19,Male,Surat,No
CUST102951,39,Female,Bangalore,No
CUST102952,57,Male,Kochi,No
CUST102954,29,Male,Chennai,No
CUST102955,59,Female,Kochi,No
CUST102956,22,Female,Mumbai,No
CUST102957,38,Female,Delhi,No
CUST102959,38,Female,Pune,No
CUST102960,56,Female,Hyderabad,Yes
CUST102961,35,Male,Patna,Yes
CUST102962,58,Male,Bangalore,No
CUST102963,20,Female,Hyderabad,No
CUST102964,48,Male,Ahmedabad,No
CUST102965,42,Female,Delhi,Yes
CUST102966,28,Female,Chandigarh,No
CUST102967,27,Male,Chennai,No
CUST102968,48,Female,Visakhapatnam,No
CUST102969,44,Female,Lucknow,No
CUST102970,43,Male,Delhi,No
CUST102971,20,Female,Mumbai,No
CUST102972,43,Male,Delhi,No
CUST102973,59,Male,Bhubaneswar,No
CUST102976,38,Female,Bangalore,No
CUST102977,55,Male,Nagpur,Yes
CUST102978,29,Male,Bangalore,No
CUST102979,37,Male,Lucknow,No
CUST102980,48,Female,Noida,No
CUST102981,20,Female,Hyderabad,Yes
CUST102982,51,Female,Kolkata,Yes
CUST102983,52,Female,Bangalore,Yes
CUST102984,48,Female,Chennai,No
CUST102985,45,Female,Bhubaneswar,Yes
CUST102986,49,Male,Lucknow,Yes
CUST102990,37,Male,Lucknow,No
CUST102991,44,Male,Kolkata,No
CUST102992,26,Female,Mumbai,No
CUST102993,53,Male,Chennai,Yes
CUST102995,44,Female,Chandigarh,No
CUST102996,30,Male,Bangalore,No
CUST102997,32,Male,Nagpur,No
CUST102998,36,Male,Chennai,No
CUST102999,45,Male,Hyderabad,No
CUST103000,50,Female,Bangalore,No
CUST103001,46,Female,Indore,Yes
CUST103003,58,Female,Kolkata,No
CUST103005,33,Male,Jaipur,Yes
CUST103006,43,Female,Gurgaon,No
CUST103008,44,Male,Bhubaneswar,No
CUST103010,33,Female,Mumbai,No
CUST103011,39,Male,Pune,No
CUST103012,19,Female,Lucknow,No
CUST103013,48,Male,Bangalore,Yes
CUST103014,38,Male,Pune,No
CUST103015,37,Male,Hyderabad,No
CUST103016,40,Male,Pune,No
CUST103017,27,Female,Jaipur,No
CUST103018,43,Male,Visakhapatnam,Yes
CUST103019,49,Male,Kolkata,No
CUST103020,32,Male,Ahmedabad,No
CUST103021,23,Female,Pune,No
CUST103022,34,Female,Hyderabad,No
CUST103023,26,Female,Bangalore,No
CUST103024,33,Male,Visakhapatnam,Yes
CUST103025,44,Female,Bangalore,No
CUST103026,22,Female,Gurgaon,Yes
CUST103027,49,Male,Mumbai,No
CUST103028,27,Male,Indore,No
CUST103031,29,Male,Jaipur,Yes
CUST103032,41,Male,Mumbai,No
CUST103033,22,Male,Lucknow,No
CUST103034,22,Female,Pune,No
CUST103035,58,Male,Hyderabad,No
CUST103036,51,Male,Bangalore,No
CUST103037,24,Female,Chandigarh,No
CUST103038,29,Male,Chandigarh,No
CUST103040,34,Male,Nagpur,No
CUST103041,30,Male,Bangalore,No
CUST103042,31,Male,Delhi,No
CUST103044,25,Male,Mumbai,No
CUST103045,55,Female,Hyderabad,No
CUST103046,48,Female,Kolkata,No
CUST103048,25,Male,Bangalore,No
CUST103049,47,Male,Lucknow,Yes
CUST103050,53,Female,Pune,Yes
CUST103051,25,Female,Surat,No
CUST103053,33,Male,Kolkata,No
CUST103054,51,Male,Bangalore,Yes
CUST103055,38,Female,Gurgaon,No
CUST103056,51,Female,Bangalore,Yes
CUST103057,24,Male,Bangalore,Yes
CUST103058,34,Female,Surat,No
CUST103059,29,Male,Chandigarh,Yes
CUST103060,28,Female,Pune,No
CUST103061,30,Female,Delhi,No
CUST103062,34,Male,Mumbai,Yes
CUST103063,23,Male,Kolkata,Yes
CUST103064,47,Female,Noida,Yes
CUST103065,41,Male,Kolkata,No
CUST103066,52,Female,Delhi,No
CUST103068,24,Female,Pune,No
CUST103069,20,Male,Lucknow,No
CUST103070,35,Male,Delhi,No
CUST103071,38,Male,Delhi,Yes
CUST103073,50,Male,Delhi,No
CUST103074,42,Female,Pune,No
CUST103075,49,Male,Mumbai,Yes
CUST103076,22,Male,Ahmedabad,Yes
CUST103077,52,Male,Gurgaon,No
CUST103078,26,Male,Bhubaneswar,Yes
CUST103080,36,Female,Hyderabad,No
CUST103081,52,Male,Delhi,No
CUST103082,29,Female,Hyderabad,Yes
CUST103083,28,Female,Lucknow,No
CUST103084,32,Female,Delhi,Yes
CUST103086,25,Male,Hyderabad,No
CUST103087,25,Male,Bangalore,No
CUST103088,27,Female,Lucknow,No
CUST103089,37,Female,Jaipur,No
CUST103090,32,Male,Kolkata,No
CUST103094,56,Male,Chennai,Yes
CUST103095,49,Female,Ahmedabad,No
CUST103096,25,Male,Pune,Yes
CUST103097,31,Male,Delhi,No
CUST103099,29,Female,Hyderabad,No
CUST103100,33,Female,Hyderabad,No
CUST103102,18,Male,Bhubaneswar,No
CUST103103,36,Male,Jaipur,No
CUST103104,47,Male,Bhubaneswar,No
CUST103105,30,Male,Bangalore,Yes
CUST103106,54,Male,Pune,No
CUST103109,27,Male,Chennai,No
CUST103110,40,Female,Visakhapatnam,No
CUST103111,50,Male,Mumbai,No
CUST103112,20,Female,Chennai,Yes
CUST103113,57,Female,Nagpur,No
CUST103114,33,Female,Kochi,No
CUST103116,44,Male,Nagpur,Yes
CUST103117,45,Female,Delhi,No
CUST103118,18,Male,Patna,No
CUST103119,54,Male,Chennai,No
CUST103120,44,Male,Ahmedabad,No
CUST103121,59,Female,Chennai,No
CUST103122,37,Male,Indore,No
CUST103124,36,Male,Surat,No
CUST103125,55,Male,Bangalore,Yes
CUST103126,52,Female,Bangalore,No
CUST103127,56,Male,Chennai,Yes
CUST103128,39,Female,Delhi,Yes
CUST103129,51,Male,Lucknow,No
CUST103130,33,Male,Hyderabad,Yes
CUST103131,37,Female,Pune,Yes
CUST103132,49,Male,Delhi,Yes
CUST103133,21,Male,Mumbai,No
CUST103134,47,Female,Pune,No
CUST103135,18,Female,Hyderabad,No
CUST103140,38,Male,Mumbai,No
CUST103141,35,Male,Chennai,Yes
CUST103142,36,Female,Lucknow,No
CUST103143,41,Male,Kolkata,Yes
CUST103144,50,Male,Pune,Yes
CUST103145,41,Male,Bangalore,No
CUST103146,44,Male,Patna,Yes
CUST103147,53,Female,Chennai,Yes
CUST103148,59,Female,Hyderabad,Yes
CUST103149,22,Male,Kochi,No
CUST103150,47,Male,Ahmedabad,Yes
CUST103151,27,Female,Pune,Yes
CUST103152,26,Male,Kochi,Yes
CUST103153,51,Male,Delhi,No
CUST103154,20,Female,Surat,Yes
CUST103157,59,Female,Bangalore,No
CUST103158,46,Male,Mumbai,Yes
CUST103161,55,Male,Bangalore,No
CUST103162,24,Female,Lucknow,Yes
CUST103163,31,Male,Lucknow,No
CUST103164,23,Male,Mumbai,No
CUST103165,34,Male,Indore,No
CUST103166,49,Female,Kolkata,Yes
CUST103167,29,Female,Surat,No
CUST103168,52,Male,Delhi,No
CUST103169,43,Female,Delhi,No
CUST103170,44,Female,Ahmedabad,Yes
CUST103171,57,Male,Mumbai,No
CUST103172,36,Male,Kolkata,No
CUST103173,32,Male,Delhi,No
CUST103174,59,Male,Gurgaon,No
CUST103175,41,Male,Kochi,No
CUST103177,30,Male,Bhubaneswar,No
CUST103179,25,Female,Chennai,No
CUST103180,27,Male,Chennai,Yes
CUST103181,26,Female,Kochi,Yes
CUST103182,49,Female,Patna,No
CUST103183,20,Female,Visakhapatnam,No
CUST103184,44,Female,Noida,Yes
CUST103185,57,Female,Bangalore,No
CUST103186,50,Male,Bhubaneswar,No
CUST103187,34,Female,Bhubaneswar,No
CUST103188,20,Male,Jaipur,Yes
CUST103190,18,Male,Pune,No
CUST103191,46,Male,Bhubaneswar,Yes
CUST103192,46,Male,Mumbai,No
CUST103193,26,Female,Nagpur,No
CUST103194,49,Male,Delhi,No
CUST103195,25,Male,Hyderabad,No
CUST103196,27,Male,Mumbai,Yes
CUST103197,52,Male,Kolkata,Yes
CUST103199,29,Female,Bhubaneswar,Yes
